"","V1","V2","V3","V4","V5","V6","V7","V8","V9","V10","V11","V12","V13","V14","V15","V16","V17","V18","V19","V20","V21","V22","V23","V24","V25","V26","V27","V28","V29","V30","V31","V32","V33","V34","V35","V36","V37","V38","V39","V40","V41","V42","V43","V44"
"1",5,2,4,2,4,3,5,3,4,4,5,2,4,4,4,4,3,2,3,4,2,5,2,2,3,4,1,4,4,3,3,5,4,4,2,5,2,4,3,3,2,4,3,3
"2",4,4,2,3,4,3,3,4,1,5,4,4,4,5,5,4,5,4,5,5,2,3,4,2,4,4,3,3,4,3,3,4,2,1,4,4,2,2,5,5,2,3,4,2
"3",3,2,3,2,2,4,4,4,4,4,3,2,4,4,2,3,4,4,2,4,4,4,5,2,1,4,3,4,4,2,4,4,3,4,3,3,4,3,4,2,5,4,4,1
"4",3,2,4,2,4,4,4,3,4,5,3,2,4,2,1,3,4,3,3,4,4,4,4,4,2,2,2,3,3,4,4,5,4,4,4,3,2,2,4,3,4,4,4,2
"5",5,3,5,1,5,3,5,4,3,4,5,4,5,4,5,5,5,5,3,5,1,5,1,5,5,5,1,5,1,5,1,5,5,5,3,5,1,5,1,5,1,5,3,3
"6",3,4,4,3,4,4,4,2,3,4,3,2,4,4,4,3,4,4,4,4,3,4,4,3,4,3,2,4,3,4,3,4,4,3,4,4,2,3,3,4,2,4,3,3
"7",4,4,3,2,3,3,5,4,2,4,4,3,3,3,4,4,4,4,3,5,2,4,2,1,2,4,3,2,5,4,3,4,4,3,5,4,2,4,3,5,1,5,4,4
"8",2,1,5,1,3,4,5,2,4,5,5,1,5,2,4,4,5,2,1,4,4,5,1,5,4,2,1,5,2,3,4,5,5,5,4,4,1,5,2,4,3,5,2,3
"9",5,3,5,1,3,2,4,2,3,5,5,1,5,1,5,5,5,3,1,4,1,5,5,4,3,5,1,4,4,5,1,5,5,4,5,5,2,5,1,5,5,5,1,5
"10",5,2,3,2,5,1,4,4,2,4,4,2,5,4,5,5,4,5,3,5,1,4,3,3,5,4,1,3,4,5,1,4,4,2,1,5,2,3,2,5,1,4,4,5
"11",4,4,4,3,4,4,5,4,2,4,3,3,3,4,4,2,2,3,3,4,4,1,2,2,4,3,4,4,5,3,4,5,4,2,4,3,4,4,4,4,2,2,4,4
"12",5,1,4,3,4,2,4,3,5,5,5,4,5,3,2,4,3,1,2,4,2,4,4,3,2,3,4,3,2,3,3,4,5,3,5,4,3,4,2,4,3,4,2,1
"13",4,3,4,2,3,3,4,4,4,5,4,3,4,5,3,4,4,4,4,2,2,4,4,4,2,4,2,5,4,2,3,4,4,3,4,4,4,2,4,3,4,4,5,1
"14",4,2,4,1,4,3,3,3,4,4,5,4,5,3,4,3,3,1,2,3,4,3,2,4,3,3,3,4,3,4,2,4,5,5,4,5,3,4,4,4,4,4,3,2
"15",4,3,4,2,5,4,5,3,4,5,3,2,4,5,5,4,5,2,4,5,3,3,4,2,5,5,4,5,4,5,3,5,4,4,3,3,2,4,3,5,1,4,3,5
"16",5,5,2,4,2,3,4,4,2,4,3,4,2,4,4,3,2,5,5,4,4,4,4,2,3,3,3,2,4,2,5,4,2,2,3,4,3,3,4,2,4,4,4,3
"17",3,4,4,3,4,3,4,3,4,4,3,3,4,2,3,4,3,5,2,4,3,4,4,2,2,3,3,4,3,4,4,4,3,4,4,4,2,4,2,4,4,3,4,3
"18",5,1,5,2,5,2,4,4,3,5,5,2,4,4,4,5,3,3,4,5,2,4,2,3,5,5,1,5,5,5,2,5,3,3,2,5,1,4,4,5,1,4,5,5
"19",3,2,5,2,5,1,5,4,5,4,5,1,5,1,5,5,5,5,1,5,5,5,3,5,5,2,1,5,2,5,3,5,3,5,1,5,1,5,1,5,1,4,4,5
"20",2,4,3,4,3,4,3,4,3,4,3,2,4,4,4,3,4,3,5,3,5,4,5,4,3,3,4,2,4,3,5,5,5,5,5,3,4,5,5,2,3,4,5,3
"21",5,4,4,2,5,3,5,3,5,5,5,3,4,3,3,5,5,2,2,5,3,5,2,2,4,5,1,4,4,4,4,5,4,4,4,5,2,5,4,4,4,4,5,5
"22",5,2,4,2,3,2,4,2,4,3,4,1,4,2,2,4,4,2,2,3,2,4,2,4,3,4,2,4,3,3,2,4,4,3,1,4,2,4,2,2,3,4,2,3
"23",5,2,5,2,2,1,4,5,5,5,4,3,5,2,4,5,2,5,1,5,1,5,5,5,4,5,1,1,4,5,2,4,1,5,3,5,4,2,1,4,2,5,5,4
"24",4,3,4,2,4,3,4,2,3,5,4,2,4,3,4,4,4,2,3,3,3,4,2,4,3,4,3,4,2,4,3,4,4,3,4,4,2,3,3,4,2,4,2,4
"25",5,4,1,3,4,3,3,3,3,4,5,2,4,3,4,5,4,5,3,4,5,5,3,3,2,4,3,4,5,5,2,5,4,2,3,5,3,4,2,5,3,4,3,4
"26",4,2,4,1,3,4,4,1,4,4,4,1,4,3,3,4,4,2,3,4,4,4,2,3,4,2,1,4,4,4,4,5,4,4,4,2,2,4,3,3,1,4,3,4
"27",4,3,3,3,3,3,3,4,2,4,4,4,3,4,3,3,3,4,4,3,2,4,4,2,2,4,4,4,5,2,2,3,4,1,2,4,4,4,5,4,3,3,4,2
"28",3,3,3,1,3,3,5,3,2,4,4,3,5,4,3,5,5,3,3,5,3,5,2,5,4,4,1,5,3,2,3,5,5,3,5,5,1,3,4,3,5,3,4,2
"29",5,3,3,3,2,3,4,3,2,5,4,2,4,4,3,3,5,3,4,3,2,4,2,2,1,4,1,4,5,4,3,4,3,2,4,4,2,3,3,2,4,4,4,3
"30",5,4,4,1,3,2,4,4,5,5,5,1,4,2,2,5,5,4,2,5,2,5,4,5,4,4,1,2,2,4,2,5,4,5,4,5,2,3,2,4,2,5,3,3
"31",4,3,4,2,4,2,4,4,2,4,4,3,4,4,3,4,4,1,4,4,2,4,4,2,4,4,2,3,4,2,4,4,4,3,4,4,2,4,4,4,2,4,4,2
"32",5,2,4,1,4,2,3,3,3,4,4,3,5,4,3,5,5,2,2,5,1,5,2,5,5,5,2,5,3,3,1,4,4,4,2,5,3,3,1,4,1,4,1,4
"33",2,3,5,1,4,3,4,3,4,4,4,2,5,3,4,4,4,3,3,4,3,4,4,2,3,4,2,4,3,3,4,4,4,4,4,5,2,4,3,4,2,3,4,5
"34",5,2,4,1,4,1,4,2,3,4,5,1,5,2,4,5,4,2,2,5,1,5,3,4,4,5,1,4,3,5,2,5,4,2,2,5,2,4,2,4,1,4,2,5
"35",4,2,5,1,4,2,4,3,3,4,4,2,5,3,4,4,4,2,2,4,2,4,2,1,4,4,1,4,1,3,3,4,4,4,2,4,2,4,2,4,3,4,2,4
"36",4,1,4,1,4,2,5,2,4,4,4,1,5,2,5,4,5,2,2,4,2,5,1,4,4,4,1,3,1,5,2,5,4,4,4,4,1,5,3,5,1,5,3,5
"37",4,3,2,4,3,2,4,4,3,4,2,4,3,3,3,3,4,4,2,4,3,1,4,1,3,3,5,3,4,3,2,3,3,4,3,4,4,3,3,3,3,3,4,2
"38",5,2,3,4,5,4,5,4,2,5,3,4,3,5,5,4,1,1,1,5,3,5,4,2,5,5,2,5,4,5,4,5,4,1,3,4,3,4,3,5,5,5,5,4
"39",4,4,4,2,4,4,3,3,3,4,4,4,4,4,4,3,2,5,2,4,2,2,4,4,4,4,4,4,3,3,4,3,4,4,3,4,4,4,2,4,4,4,5,4
"40",4,4,4,2,3,2,5,4,2,4,3,4,5,5,4,3,4,4,5,4,3,4,4,5,4,3,3,4,4,2,5,4,3,2,4,4,4,4,4,4,2,4,4,1
"41",3,3,4,3,4,2,4,2,4,4,4,2,4,3,2,4,5,2,3,4,4,5,2,5,4,4,1,4,2,2,4,4,4,4,4,4,2,3,3,3,4,4,2,2
"42",4,3,5,1,3,3,4,1,3,4,4,1,5,3,4,4,3,1,3,3,3,5,1,4,3,4,2,4,2,4,4,4,4,3,2,4,2,5,3,4,3,5,2,2
"43",2,4,4,2,2,4,5,4,3,3,3,1,4,4,1,2,4,2,4,3,3,5,4,2,1,1,1,3,3,3,4,5,4,2,4,4,2,4,3,2,2,4,4,1
"44",4,2,5,2,5,3,5,3,4,5,5,1,5,3,5,5,3,1,1,5,3,5,1,5,5,5,1,5,4,5,4,5,5,5,3,5,2,5,4,5,2,5,2,5
"45",4,2,3,1,4,3,5,4,4,4,5,2,4,3,3,4,5,5,2,2,3,5,2,5,3,4,1,4,3,3,4,5,4,4,2,3,2,3,3,2,4,4,4,3
"46",5,5,4,1,3,4,5,2,3,3,4,2,5,3,2,4,4,1,3,3,1,5,1,3,3,4,1,4,3,2,1,5,4,4,4,5,2,5,3,3,1,5,5,1
"47",4,3,3,2,5,2,2,2,4,5,5,2,4,2,4,4,4,2,2,5,2,4,1,5,5,5,1,4,2,5,4,4,4,4,2,4,2,4,1,4,1,4,2,5
"48",5,3,4,3,4,3,4,2,2,3,4,3,4,2,2,4,2,3,4,4,1,4,4,2,3,4,4,3,4,4,2,2,4,2,2,5,2,2,4,3,4,4,3,3
"49",3,2,3,1,3,3,4,3,4,5,4,1,5,3,2,4,5,3,2,5,4,5,3,4,2,3,1,3,4,4,4,4,3,3,4,3,2,4,4,3,4,5,5,2
"50",4,4,4,3,3,2,4,3,4,5,5,2,4,4,2,4,4,3,4,4,2,4,2,2,2,4,1,3,4,3,4,4,4,3,4,4,1,4,5,3,4,5,3,1
"51",2,4,5,3,2,4,3,2,2,2,2,3,4,2,2,2,4,1,4,2,4,2,1,2,2,2,1,5,3,3,4,3,1,3,3,4,3,4,4,2,3,4,3,3
"52",4,3,5,2,3,3,3,2,3,3,3,2,5,3,3,2,2,1,2,3,2,2,1,3,2,3,4,5,4,3,2,3,5,3,5,4,4,4,3,3,2,2,1,4
"53",2,3,4,3,5,3,4,4,2,5,4,3,4,5,5,4,4,3,4,5,3,4,3,3,5,4,3,4,4,5,5,5,5,3,3,3,4,3,4,4,3,3,4,5
"54",4,2,4,2,3,3,2,4,3,2,3,2,4,4,2,4,4,4,2,3,3,4,3,4,3,4,2,1,3,2,4,4,4,3,2,4,4,3,2,3,3,4,4,1
"55",5,3,4,1,2,3,4,3,4,3,5,3,5,2,2,4,5,3,2,2,1,4,3,4,3,4,2,3,2,3,2,4,4,4,5,5,3,4,2,2,4,4,3,1
"56",4,3,4,2,3,2,4,2,4,4,4,3,5,4,4,4,4,3,4,4,2,4,2,3,4,4,2,4,4,3,2,4,4,3,2,5,3,4,2,4,2,4,4,3
"57",4,1,5,1,2,4,5,1,4,2,5,1,5,4,4,4,5,1,4,2,4,5,2,4,2,2,1,5,4,2,2,5,5,4,4,5,2,5,4,1,5,5,2,1
"58",5,3,3,5,5,1,3,5,1,5,3,3,4,4,4,5,2,5,5,5,1,2,5,2,4,4,2,1,5,5,1,3,2,3,5,5,5,2,2,3,1,2,5,5
"59",3,2,4,1,3,4,3,2,3,2,4,3,2,4,3,2,4,3,2,4,3,4,3,2,3,4,5,5,5,3,3,2,4,3,4,2,3,4,2,3,4,2,3,4
"60",4,4,4,2,3,3,4,3,3,4,3,2,4,3,2,3,4,3,4,2,3,4,4,3,2,2,2,3,3,2,3,3,4,3,4,3,3,3,4,4,4,4,4,2
"61",4,2,5,1,4,3,5,3,4,5,5,1,5,4,5,5,5,3,2,4,2,5,1,4,3,4,1,4,2,4,4,5,5,4,3,5,1,4,2,2,4,5,2,5
"62",3,2,4,2,3,3,4,3,4,4,4,2,4,2,3,3,4,2,2,3,4,5,2,4,3,3,2,3,2,3,3,4,4,4,3,3,2,4,2,3,3,4,3,3
"63",4,4,5,4,3,3,4,3,4,3,4,3,5,3,2,3,4,3,3,2,5,5,4,4,2,4,2,2,4,3,5,4,4,3,3,4,4,4,4,2,3,4,3,2
"64",5,4,4,4,3,4,5,2,2,4,3,2,4,4,3,3,4,2,5,4,3,5,2,2,3,4,3,4,5,3,2,5,3,3,3,4,2,4,2,5,2,4,3,3
"65",4,4,4,2,3,3,4,3,4,4,4,3,4,3,3,3,4,4,2,2,3,3,4,3,3,4,3,4,4,3,3,3,4,3,4,4,4,4,3,3,3,3,4,3
"66",4,2,4,2,3,3,5,3,3,3,3,2,5,3,3,3,4,2,4,2,3,5,2,4,3,3,1,3,2,2,3,4,3,3,3,4,2,4,2,3,4,4,3,1
"67",2,2,4,2,3,2,4,3,4,4,4,2,4,3,3,4,4,3,3,4,3,4,1,5,3,3,2,5,3,4,4,5,4,4,3,4,1,3,3,4,3,4,4,3
"68",4,4,3,1,4,5,4,4,5,4,3,1,4,1,5,3,4,4,2,3,3,5,4,4,3,3,3,4,2,3,3,5,5,5,4,5,3,4,2,3,3,4,2,3
"69",5,2,5,1,5,2,5,3,5,5,5,1,4,2,4,5,5,2,2,5,1,5,1,5,5,5,1,4,1,2,1,4,5,5,5,5,2,5,2,5,2,5,3,2
"70",3,3,4,1,3,3,4,4,5,3,3,2,5,3,3,2,4,2,1,3,4,5,4,5,2,3,1,3,2,2,4,4,4,3,5,4,2,4,3,2,3,4,3,1
"71",4,4,5,2,3,1,2,4,3,3,3,2,4,4,3,3,4,2,4,2,2,4,3,2,3,3,1,4,4,1,1,4,4,3,4,4,4,4,4,3,4,4,4,1
"72",3,4,3,2,3,4,3,3,4,5,3,2,3,3,2,2,3,4,3,5,4,2,4,3,2,2,3,3,4,5,4,3,3,2,2,2,2,2,3,4,3,3,4,3
"73",4,4,5,1,2,4,2,4,2,4,4,4,5,4,3,4,2,1,2,3,3,4,1,4,2,3,2,4,4,3,4,2,4,2,4,4,4,5,4,3,4,3,4,2
"74",4,5,4,5,3,4,4,4,1,5,2,4,4,5,4,3,5,2,5,5,4,4,2,1,2,2,3,5,5,5,4,5,4,2,4,2,3,4,5,4,1,4,4,4
"75",4,3,3,2,2,3,3,5,3,4,4,2,3,4,2,3,4,5,5,4,4,2,4,4,3,3,2,2,4,5,4,4,4,4,2,4,4,2,3,4,1,4,5,5
"76",4,2,2,1,4,3,4,3,2,4,4,2,4,3,2,4,4,3,4,2,3,5,3,3,2,3,1,3,4,3,4,5,3,4,2,5,2,3,4,4,3,4,5,3
"77",5,3,4,1,5,3,5,2,4,5,4,1,5,4,4,4,5,4,2,5,4,2,3,4,5,3,1,5,2,5,4,5,3,4,3,4,1,4,4,5,1,4,4,4
"78",4,2,2,4,3,3,4,5,2,4,5,1,5,4,2,4,5,5,5,4,4,5,4,2,3,4,2,1,5,4,4,5,3,3,5,5,1,4,4,3,4,4,4,3
"79",5,2,4,1,3,2,5,3,4,4,5,1,5,2,1,5,5,2,1,4,2,5,4,5,3,4,1,4,2,5,3,5,4,4,5,5,1,4,3,3,3,5,3,3
"80",4,1,5,1,3,3,4,1,5,5,5,1,5,1,4,5,4,1,1,4,3,4,3,4,2,4,1,4,1,5,4,5,5,4,4,5,1,5,4,3,1,4,1,5
"81",4,2,5,2,3,3,5,3,3,5,4,1,5,5,3,3,5,2,3,5,3,5,3,3,3,3,2,4,4,4,4,5,4,4,3,4,2,4,3,5,3,4,3,5
"82",5,4,5,1,4,2,5,4,3,5,4,4,5,4,5,4,2,1,2,5,1,4,3,4,4,4,4,4,4,3,2,2,4,4,2,5,4,4,2,3,4,4,4,1
"83",5,4,5,4,5,3,3,4,2,4,5,1,5,5,4,5,5,1,5,4,3,5,2,3,4,3,3,5,4,4,3,5,5,2,2,4,4,5,5,4,1,5,4,5
"84",1,4,5,1,4,4,4,4,4,5,3,1,5,4,4,2,4,3,4,4,5,5,4,4,4,2,1,3,1,5,5,5,4,2,1,1,1,4,4,4,1,4,4,4
"85",5,4,5,2,5,1,2,1,3,5,4,1,5,2,4,5,4,1,2,4,4,2,2,3,4,5,2,4,1,5,1,4,4,3,5,4,3,2,1,2,1,3,2,3
"86",2,2,4,2,4,4,4,2,3,3,3,3,4,4,3,3,4,1,3,4,5,3,1,2,4,2,2,4,3,3,4,4,4,3,2,2,1,4,4,3,4,4,3,2
"87",1,4,4,1,1,5,4,3,4,5,4,1,5,3,1,2,4,1,4,1,5,4,2,3,1,1,4,4,3,5,5,4,5,4,5,1,2,5,2,1,2,5,4,5
"88",4,4,3,2,5,2,4,3,3,5,4,2,4,4,3,4,4,2,3,5,3,4,4,3,4,4,3,3,4,5,3,4,3,4,4,5,4,2,4,4,1,2,5,5
"89",4,2,4,3,4,3,5,3,4,4,4,2,5,4,5,4,5,3,3,4,4,5,3,4,4,3,2,4,3,4,4,5,4,4,3,4,1,3,2,4,3,4,5,3
"90",1,4,4,2,4,4,5,3,4,3,2,4,2,4,2,4,4,4,1,3,4,4,3,5,4,2,4,5,2,3,4,5,3,3,2,2,3,3,2,4,2,4,3,4
"91",4,2,5,2,2,3,3,3,2,4,3,2,5,3,4,3,4,4,4,2,2,5,3,2,3,4,4,3,4,2,3,4,4,3,4,4,4,3,3,3,3,4,4,2
"92",5,4,5,1,4,3,4,2,5,5,5,2,5,2,5,5,5,2,4,4,1,5,5,4,2,5,2,2,4,4,1,4,5,5,5,5,3,3,4,5,4,5,5,1
"93",2,3,5,2,4,3,4,2,4,3,4,2,4,3,4,3,4,1,2,3,3,4,2,4,4,4,2,4,2,3,2,3,4,4,4,4,2,4,2,4,3,3,2,2
"94",2,2,4,3,2,2,4,2,3,4,2,2,4,4,2,2,4,2,2,2,4,4,4,3,2,2,2,2,4,4,4,5,4,4,4,2,2,3,2,2,1,4,4,4
"95",4,1,5,1,4,1,5,1,3,5,4,1,5,4,4,4,5,1,4,5,1,5,1,4,3,4,1,4,4,3,3,5,5,4,5,4,1,4,5,4,4,5,3,1
"96",4,3,4,1,4,1,4,4,2,4,4,3,4,5,3,4,3,2,4,4,1,5,2,3,3,4,1,3,3,1,1,5,4,2,3,5,1,4,4,4,4,5,4,1
"97",3,2,4,2,4,2,4,2,3,4,4,2,5,2,4,4,2,2,3,4,2,2,2,4,4,4,2,4,3,5,2,5,5,2,5,4,3,4,2,4,1,4,4,4
"98",5,4,4,4,5,4,4,4,4,4,3,1,4,2,5,3,5,1,2,5,2,4,4,5,5,4,1,5,3,5,4,4,4,4,3,4,1,2,1,5,1,4,2,5
"99",5,2,3,1,5,1,5,5,3,4,5,2,4,2,2,5,5,3,2,4,1,5,3,5,4,4,1,2,1,3,2,5,5,5,3,5,1,5,2,3,3,5,2,2
"100",5,2,4,1,5,2,4,2,4,5,5,2,5,4,4,5,5,4,2,4,1,4,4,4,4,4,1,4,4,4,2,4,4,4,2,5,3,4,1,4,2,5,5,4
"101",5,4,4,2,4,4,4,3,3,4,4,3,5,3,4,4,4,3,3,4,2,5,3,3,4,4,4,4,4,4,2,3,3,3,3,5,4,4,3,3,3,4,3,3
"102",4,1,5,1,3,3,4,4,2,5,4,2,4,4,1,4,5,4,4,2,2,4,4,4,4,3,1,5,5,4,2,5,5,2,4,5,2,2,4,4,4,5,5,4
"103",5,4,4,2,3,3,3,4,2,4,4,2,4,4,3,4,4,2,4,4,4,4,4,4,4,4,3,5,3,4,4,4,2,2,4,4,2,3,3,4,2,3,5,4
"104",4,2,4,2,4,3,4,2,2,4,4,2,4,3,3,4,4,2,3,4,2,4,2,3,3,4,2,3,3,4,3,4,4,4,4,5,3,4,3,4,2,4,2,3
"105",5,4,5,3,3,2,5,1,4,5,5,4,5,5,5,5,3,1,4,5,1,3,1,2,2,5,5,5,2,2,1,4,5,5,4,5,4,5,2,5,1,4,1,1
"106",5,1,5,1,5,2,4,4,5,5,5,1,5,2,4,5,4,3,2,5,1,5,2,5,4,5,1,5,2,2,2,5,5,5,2,5,1,5,1,4,2,5,1,2
"107",4,3,3,2,2,4,4,4,2,5,4,2,4,4,4,2,3,5,4,2,3,4,4,3,1,4,1,1,4,4,4,4,2,2,1,4,4,2,4,4,3,2,4,3
"108",5,4,4,4,4,3,4,4,3,4,5,2,4,4,4,5,4,1,4,5,3,4,4,3,4,3,2,4,5,5,5,4,4,3,2,5,4,3,4,4,2,4,4,4
"109",5,2,3,1,3,2,5,4,2,4,4,1,5,4,5,5,4,3,3,5,2,5,3,2,2,4,1,2,2,3,2,5,3,3,4,5,2,3,3,3,2,4,2,3
"110",5,4,4,2,3,2,4,3,4,5,5,2,4,3,4,5,4,1,4,2,2,5,4,3,2,4,1,3,5,2,3,4,4,3,2,5,4,5,3,3,4,5,5,2
"111",4,3,5,1,3,4,5,4,2,4,4,1,5,4,4,4,5,2,5,3,4,5,1,5,3,3,1,5,4,4,4,5,5,4,2,4,1,5,4,3,3,5,3,2
"112",4,4,5,4,4,2,4,4,2,4,2,3,5,4,4,2,5,1,2,4,4,5,2,3,4,4,4,3,4,5,2,4,5,2,4,3,2,5,2,4,4,4,2,4
"113",5,1,5,1,4,1,5,1,5,4,5,1,5,3,3,5,5,1,1,3,1,5,4,4,3,4,1,5,4,3,4,5,5,5,3,5,1,5,1,3,3,5,1,1
"114",4,2,5,1,4,2,5,3,4,5,5,1,5,3,3,5,5,2,1,5,2,5,2,5,5,5,1,5,2,5,2,5,5,5,3,5,1,3,3,5,1,5,2,4
"115",4,3,4,2,3,4,4,4,3,2,3,2,4,5,2,4,5,4,5,2,3,5,2,2,2,4,2,4,5,2,4,5,4,3,1,5,4,4,4,4,3,4,5,1
"116",5,2,4,1,3,1,4,3,4,4,4,2,4,2,3,4,4,4,2,3,1,4,2,4,3,4,1,4,2,2,1,4,4,3,3,5,2,4,1,4,4,4,3,1
"117",4,4,3,3,4,3,4,4,2,4,4,2,4,4,4,4,2,2,5,2,2,2,2,2,2,2,1,3,4,3,1,4,4,4,3,4,2,4,4,4,4,4,5,2
"118",4,2,4,3,4,3,4,1,2,4,5,1,5,2,3,5,5,4,3,4,2,5,3,5,3,4,1,4,3,5,3,5,3,3,4,5,1,3,2,4,4,4,3,5
"119",2,2,5,1,4,2,5,1,2,3,4,2,5,3,3,4,3,1,1,4,3,5,1,3,2,3,1,4,4,4,4,5,5,4,2,4,2,4,2,2,3,4,1,3
"120",4,3,4,2,4,4,4,4,2,4,4,3,5,2,1,4,5,3,4,4,4,5,3,3,4,4,1,4,4,3,4,5,4,3,4,4,2,4,4,2,3,4,2,2
"121",4,4,4,4,4,3,3,3,2,5,4,3,4,4,5,3,4,4,4,5,3,1,4,3,5,4,4,3,4,5,4,5,3,3,3,4,2,3,3,4,2,4,3,4
"122",4,2,4,1,4,3,4,3,3,4,4,1,4,2,4,5,5,3,1,4,2,5,4,4,4,3,2,4,4,5,2,5,4,4,5,4,1,4,3,4,2,5,4,4
"123",4,2,4,4,3,2,4,3,3,4,4,2,4,4,3,2,4,2,4,2,3,4,2,2,3,2,1,3,4,4,2,4,4,2,4,3,2,4,4,4,2,4,3,4
"124",5,1,4,1,5,1,5,3,3,5,5,1,4,2,5,5,5,2,2,5,1,5,2,5,5,5,1,4,3,5,2,5,5,4,3,5,1,3,1,5,1,5,4,5
"125",5,4,5,2,5,1,4,1,1,5,5,1,5,5,4,4,3,1,2,5,1,4,4,2,3,4,1,3,5,5,1,2,5,2,5,5,4,5,1,3,2,4,2,3
"126",3,4,4,2,3,2,4,3,3,4,4,2,5,3,4,4,4,2,3,4,3,5,4,3,3,4,2,3,4,3,4,4,4,3,3,3,2,3,4,3,4,4,3,2
"127",4,4,4,2,3,4,3,3,3,4,4,2,4,4,2,4,4,2,2,4,3,4,2,4,3,4,2,3,4,2,4,4,4,4,2,4,4,3,4,4,3,4,4,3
"128",4,3,5,4,4,5,4,4,1,4,3,2,5,3,2,4,3,2,4,4,3,4,4,3,4,4,2,4,4,4,4,4,4,3,1,3,2,4,4,4,4,4,4,2
"129",3,4,5,1,4,4,3,2,2,4,3,1,5,4,3,3,4,1,4,3,4,3,3,4,3,2,1,5,4,4,4,5,4,2,4,3,2,4,4,3,2,4,4,4
"130",5,2,3,4,2,2,5,2,1,5,3,1,2,5,1,5,5,3,5,4,2,4,3,1,1,2,1,3,2,2,3,5,1,2,4,5,1,2,5,4,5,5,5,1
"131",5,3,5,1,5,2,4,3,5,5,5,1,5,4,5,5,5,2,1,5,2,5,1,5,4,5,1,5,3,5,1,5,5,5,3,5,2,5,1,5,2,5,1,4
"132",5,2,4,1,5,3,4,2,5,5,5,1,4,2,5,5,5,2,2,5,2,5,2,5,5,4,1,5,2,5,2,5,4,4,3,5,2,4,1,5,5,4,2,5
"133",4,2,2,4,4,4,5,4,3,4,3,1,5,4,4,4,4,3,5,4,4,4,3,3,2,3,1,2,4,4,3,5,4,2,5,4,3,2,4,4,4,5,4,5
"134",3,3,4,2,4,3,5,2,1,5,2,1,5,5,4,2,5,2,5,4,5,5,3,1,4,1,1,4,4,5,5,5,4,1,2,2,2,4,5,3,1,5,4,5
"135",4,1,4,1,4,4,4,3,3,4,4,2,5,5,4,4,5,4,3,4,3,5,4,4,4,4,1,4,4,4,4,4,4,3,4,4,3,4,4,4,2,4,3,3
"136",5,3,3,2,4,2,4,4,3,4,5,2,4,3,3,5,5,3,4,4,2,4,4,3,2,3,2,3,3,2,2,4,3,2,3,5,2,2,3,3,2,4,3,2
"137",3,2,5,3,4,5,4,1,3,4,3,1,5,4,4,3,3,3,3,4,4,1,2,2,3,2,2,4,2,5,5,5,4,4,4,3,1,3,3,3,1,4,4,5
"138",4,2,5,1,4,3,4,3,3,4,4,3,5,5,4,4,4,1,5,5,2,5,2,1,3,4,3,5,5,5,2,4,5,4,4,5,3,5,5,5,4,5,4,4
"139",4,2,4,5,4,1,5,5,1,5,4,1,5,4,4,4,5,5,5,4,4,5,2,1,1,3,1,2,5,2,4,4,4,4,4,5,2,4,2,3,4,5,5,1
"140",5,4,5,1,5,1,4,1,4,4,5,4,5,3,2,5,4,1,2,2,1,4,1,2,2,5,1,5,4,1,2,5,5,4,3,5,3,5,2,1,3,5,2,1
"141",3,3,5,2,2,4,5,1,4,4,3,2,5,4,3,3,5,1,4,2,5,5,3,2,2,3,1,5,3,3,3,5,5,4,4,4,1,5,4,3,2,5,4,4
"142",3,3,3,5,5,4,4,3,2,3,2,3,5,5,2,2,2,4,5,5,4,3,4,2,4,4,5,4,5,4,5,5,4,2,2,4,4,4,4,3,3,3,3,4
"143",4,3,5,2,4,2,5,3,2,4,4,1,5,4,4,4,5,1,4,4,2,4,4,2,3,4,1,5,4,2,2,5,5,3,4,4,1,5,4,3,3,4,4,4
"144",4,2,4,1,4,1,5,3,4,5,5,1,4,4,3,5,5,4,2,3,1,5,2,5,3,4,1,4,2,5,1,5,4,2,1,5,1,3,2,4,2,4,4,5
"145",4,2,5,1,4,4,5,4,4,4,4,2,5,3,3,4,4,2,4,4,4,5,4,4,4,4,1,5,4,4,4,5,4,2,4,4,2,5,4,4,3,5,5,3
"146",5,3,3,1,4,2,3,2,2,3,3,2,3,3,3,2,4,3,1,2,3,3,3,5,3,4,1,4,2,1,1,4,4,3,2,5,2,3,1,3,1,4,3,1
"147",2,1,5,1,5,5,4,2,3,4,3,1,5,4,5,3,4,2,3,4,5,5,3,4,5,5,1,4,4,5,5,5,5,4,3,3,2,3,2,4,5,4,3,5
"148",4,2,5,3,5,2,5,4,4,5,5,1,5,4,5,5,5,2,3,5,4,5,1,4,5,4,1,4,2,5,4,5,5,4,2,5,2,2,3,5,1,5,4,5
"149",4,4,2,1,3,3,4,4,5,4,4,3,3,2,2,4,4,4,1,4,4,4,4,4,3,4,2,2,3,4,4,4,3,5,3,4,4,3,4,2,2,4,4,4
"150",3,5,4,1,5,2,4,2,5,5,2,4,4,1,5,2,3,4,1,4,3,3,4,5,5,4,4,4,1,4,2,2,5,4,3,4,4,4,1,5,2,3,2,5
"151",4,3,4,4,5,4,5,4,1,5,2,1,5,5,5,4,5,3,3,4,3,5,4,3,4,4,1,4,5,5,3,5,5,1,3,4,3,5,5,5,2,5,4,4
"152",4,3,5,1,2,4,5,2,2,4,4,1,5,2,3,4,4,1,2,3,3,5,2,5,3,4,1,5,3,4,4,4,5,4,5,5,4,4,5,3,2,4,4,2
"153",4,2,3,4,4,3,4,4,4,5,4,3,3,3,4,4,4,3,4,5,2,3,4,2,3,3,2,3,4,4,3,4,4,3,4,2,2,3,4,4,4,5,4,4
"154",5,4,3,5,3,2,3,3,1,4,3,2,4,5,3,2,3,2,5,4,2,5,3,1,4,3,3,2,4,3,3,3,2,2,3,4,3,3,5,4,3,4,4,4
"155",4,4,4,5,3,3,5,5,2,3,4,4,5,5,3,4,5,5,5,4,3,3,3,1,3,3,2,3,5,4,3,4,4,2,3,4,4,4,5,3,3,4,5,3
"156",4,2,4,2,3,2,3,2,2,4,4,3,4,2,3,3,4,2,3,3,2,4,4,3,2,4,2,4,4,4,2,4,4,4,4,4,2,4,4,4,2,4,4,4
"157",3,2,5,2,4,3,5,4,4,4,2,1,5,3,4,2,3,2,2,3,4,4,3,4,4,4,1,5,3,5,4,5,5,4,3,3,2,4,3,4,2,5,3,4
"158",2,2,4,2,3,3,3,2,4,4,3,1,5,2,3,3,2,1,2,2,4,5,2,4,2,3,2,3,2,1,2,3,3,4,5,2,2,4,2,2,1,3,1,2
"159",4,2,5,1,3,4,5,1,3,4,4,1,5,2,2,4,5,1,5,3,3,5,1,3,2,2,1,2,3,2,2,5,5,4,4,5,2,4,3,2,4,4,3,2
"160",5,2,5,2,4,2,5,2,4,4,5,1,5,3,4,5,5,2,4,3,3,4,4,4,3,4,1,4,2,3,4,5,4,3,2,4,2,4,4,3,3,4,3,4
"161",2,2,3,4,2,4,4,3,2,3,1,2,3,3,2,1,4,3,4,2,5,4,5,2,2,2,1,2,4,3,4,4,3,3,3,2,3,3,4,3,3,3,3,2
"162",4,1,5,1,4,2,4,3,4,4,4,2,4,2,4,4,4,1,2,5,2,4,1,2,4,4,1,4,3,4,2,5,4,4,2,4,2,4,2,4,2,5,2,3
"163",4,3,5,3,3,2,5,2,4,5,3,3,5,3,2,4,5,3,1,3,2,5,4,4,2,5,3,5,3,3,4,5,4,5,5,5,4,5,3,3,3,4,4,3
"164",5,2,5,2,5,2,4,2,4,5,5,2,5,2,5,5,4,2,2,4,4,5,4,4,5,3,1,5,4,3,4,4,5,4,5,5,2,5,4,4,2,5,3,2
"165",5,2,5,1,4,2,5,2,4,5,5,2,5,1,5,5,4,3,1,3,1,5,4,4,3,5,1,3,4,4,1,5,5,5,2,5,2,5,1,4,3,4,4,2
"166",4,4,4,1,2,4,5,3,4,4,4,3,4,1,3,4,5,2,3,4,4,5,3,4,2,4,1,2,4,4,4,4,4,3,4,4,3,5,5,3,2,4,4,4
"167",3,2,3,1,5,3,5,3,5,5,5,1,2,1,5,5,5,4,1,5,3,4,3,5,5,5,1,3,1,3,2,5,4,5,1,5,1,4,2,5,4,4,2,4
"168",2,1,5,1,4,1,4,1,4,5,4,1,5,2,5,5,4,1,2,4,4,4,1,5,4,4,1,5,4,2,2,5,5,4,4,4,1,5,5,4,4,5,4,4
"169",3,4,3,3,4,4,4,5,2,3,2,4,3,4,4,3,4,4,4,4,5,3,5,2,4,4,4,2,4,5,5,4,2,2,1,1,4,2,4,2,2,3,5,5
"170",2,2,4,2,2,4,4,3,3,3,2,1,5,4,2,2,4,3,4,3,5,5,5,2,3,2,2,2,4,3,5,5,4,1,3,2,2,2,5,4,3,4,4,3
"171",4,3,5,2,3,2,4,2,3,5,5,1,5,3,3,4,5,2,5,5,2,5,1,3,3,4,1,4,3,4,2,4,4,3,4,5,1,5,4,4,2,4,2,5
"172",5,3,5,1,3,2,4,1,4,5,5,2,5,2,2,5,3,1,2,5,3,5,1,4,3,3,1,4,1,2,2,4,4,3,5,5,1,4,3,4,3,5,2,1
"173",4,4,4,3,3,2,3,4,3,4,4,2,5,3,2,3,4,3,4,2,3,4,4,3,2,3,1,2,4,2,3,4,3,2,3,4,4,4,2,3,2,4,2,1
"174",5,1,5,1,4,3,5,1,3,3,4,1,5,2,2,4,4,1,2,3,3,5,1,2,2,5,1,3,3,5,4,5,4,4,3,4,1,4,3,3,1,5,2,5
"175",4,1,5,1,4,1,5,2,5,5,5,1,5,2,4,3,5,1,1,4,3,5,1,4,3,4,1,5,4,3,3,4,4,4,4,3,1,5,1,3,3,4,2,3
"176",4,4,5,2,4,2,4,2,4,4,4,3,4,4,3,4,4,2,4,4,3,4,4,3,4,3,2,4,2,4,3,4,4,4,3,4,3,4,4,4,3,4,2,2
"177",4,2,4,3,3,3,4,2,2,3,3,2,4,4,3,3,4,2,4,3,4,3,4,2,3,3,2,3,4,3,3,4,4,1,3,4,3,4,4,3,3,4,4,3
"178",5,2,5,2,4,4,4,3,4,4,4,2,4,4,4,4,4,4,2,4,3,4,3,4,4,4,2,3,3,4,3,4,4,4,4,4,4,4,2,4,1,4,3,5
"179",5,2,4,1,5,4,4,3,5,5,4,1,5,2,4,4,5,2,2,5,2,4,2,4,4,5,2,4,2,5,1,5,4,5,3,4,1,4,1,4,1,4,2,4
"180",4,2,4,3,4,4,4,4,4,4,4,3,5,4,4,4,4,3,4,2,3,4,3,3,3,4,2,4,4,3,2,5,4,4,4,5,3,3,3,4,5,4,4,1
"181",4,1,5,1,4,4,4,3,4,4,5,1,5,1,4,5,5,2,1,4,3,4,1,4,4,5,1,5,1,4,2,4,5,4,3,5,1,5,1,4,1,5,1,4
"182",4,3,3,2,4,2,3,4,3,4,3,3,3,3,3,4,4,3,3,4,2,3,4,4,4,4,2,3,4,4,2,3,3,3,2,4,3,3,3,4,2,4,4,4
"183",3,2,3,3,5,2,4,4,2,4,4,2,4,4,3,5,4,4,4,4,3,4,4,4,4,4,2,3,4,4,3,4,3,2,3,4,4,3,4,4,4,4,4,4
"184",4,2,4,2,2,3,4,3,2,4,3,2,4,4,4,3,2,3,5,3,4,3,3,2,2,4,2,3,4,4,3,4,4,4,4,4,3,4,3,2,4,4,3,3
"185",5,4,5,1,3,2,5,4,3,5,5,3,5,5,4,5,5,1,4,4,1,5,1,3,4,5,4,5,4,5,1,5,5,4,3,5,4,5,4,5,1,5,4,5
"186",4,4,5,2,5,3,5,4,3,4,4,2,5,3,5,5,1,3,2,4,3,2,2,2,4,4,2,5,3,4,3,4,5,4,4,5,2,4,2,4,2,4,4,4
"187",5,2,5,1,4,4,5,3,3,4,4,1,4,2,5,4,5,1,2,3,3,5,1,5,3,3,1,5,3,3,3,4,4,3,3,4,1,4,3,4,3,4,3,3
"188",4,3,3,1,3,1,4,1,3,4,3,2,5,4,1,4,4,1,4,2,1,5,2,4,2,4,1,3,5,5,2,3,3,3,4,4,4,3,4,3,3,4,2,5
"189",4,4,4,4,4,4,3,4,2,4,3,3,5,4,4,3,4,2,4,4,4,4,3,4,4,4,2,3,4,4,4,4,3,2,4,3,2,4,4,4,2,4,2,2
"190",1,4,3,4,2,4,4,2,1,3,3,1,4,5,4,2,5,1,5,4,5,3,2,2,1,3,1,5,5,3,4,4,4,3,5,4,4,4,5,2,4,4,5,2
"191",3,4,5,1,2,3,4,1,5,4,4,1,5,2,3,3,3,1,1,4,5,5,4,4,3,3,1,4,3,4,5,5,5,5,5,3,1,2,4,3,1,5,4,5
"192",3,2,5,1,5,3,5,2,5,5,5,1,5,1,4,3,5,2,1,5,3,5,1,5,5,4,1,5,1,4,2,5,4,5,2,4,1,4,2,4,3,4,2,3
"193",4,3,5,3,2,4,4,2,4,3,4,2,5,4,4,4,4,2,5,3,4,5,2,3,3,4,3,4,4,4,4,5,4,4,3,4,2,4,4,3,4,4,4,5
"194",4,4,4,2,4,4,4,4,4,4,4,3,4,4,3,4,4,3,3,4,4,4,4,4,4,3,3,4,4,4,4,4,4,4,3,2,4,4,2,4,2,4,4,4
"195",4,2,3,1,3,3,4,3,2,4,5,1,4,3,2,5,5,2,2,4,1,5,2,4,4,4,1,3,3,3,2,4,4,3,3,4,2,3,2,4,3,4,4,2
"196",4,3,4,2,3,3,4,2,4,4,4,3,5,2,4,4,4,3,4,4,4,4,3,4,3,4,2,3,4,4,2,5,5,4,3,4,3,4,4,4,3,4,4,2
"197",4,3,5,1,4,2,5,4,5,5,4,1,5,4,4,3,5,3,2,4,2,5,3,4,4,2,1,3,4,3,3,4,4,5,1,4,1,5,2,4,4,4,2,3
"198",5,1,5,1,4,1,5,1,5,5,5,1,5,1,4,5,5,2,2,5,1,5,1,5,5,5,1,5,1,5,1,5,5,5,2,5,1,5,1,5,1,5,1,3
"199",4,4,4,2,3,2,4,3,2,3,3,3,4,4,3,3,4,4,4,4,3,4,3,3,2,4,3,3,4,2,4,3,4,2,4,4,4,4,2,3,4,4,4,2
"200",5,4,5,1,4,3,4,3,3,4,3,4,5,4,4,3,4,4,3,4,2,5,4,4,5,4,3,2,4,4,1,4,5,4,5,4,4,4,2,4,2,4,4,2
"201",3,1,3,1,3,2,5,1,3,3,5,1,3,1,3,5,5,1,4,3,4,4,3,3,3,3,1,3,2,3,2,4,3,3,3,3,1,3,1,3,3,3,1,3
"202",5,4,5,1,4,3,2,4,3,5,5,1,4,5,4,5,5,4,4,5,1,5,1,4,4,5,1,5,4,5,2,5,5,3,3,4,2,5,3,3,1,5,2,5
"203",5,1,5,1,5,1,5,1,5,5,5,1,5,3,3,5,5,1,1,5,1,5,1,5,5,5,1,5,3,4,2,5,5,5,4,5,1,5,1,4,3,5,1,3
"204",4,1,5,2,4,2,5,3,2,5,4,1,5,3,4,5,5,3,3,5,2,5,2,4,4,2,1,2,2,4,2,5,5,2,2,5,1,4,4,5,1,5,4,4
"205",5,3,4,3,5,4,3,4,1,5,5,5,5,5,5,5,4,5,5,5,3,5,5,1,5,2,1,3,5,5,4,5,3,1,2,3,4,5,5,5,1,5,5,3
"206",2,3,5,1,4,4,4,2,4,5,2,1,5,4,5,2,3,1,2,5,2,3,1,5,4,4,4,5,2,1,2,4,5,5,3,2,1,4,2,4,2,4,1,1
"207",4,2,5,1,3,4,4,4,2,5,4,2,5,4,3,4,4,1,5,3,1,4,3,1,3,4,1,4,5,4,2,5,4,2,5,5,4,5,4,3,3,4,4,4
"208",4,3,3,2,4,4,4,3,2,4,4,2,4,3,3,3,3,3,3,4,2,5,2,3,3,4,2,3,4,3,4,5,4,4,3,4,2,4,3,4,4,4,5,1
"209",2,3,3,4,4,4,5,5,3,4,2,3,4,5,5,2,5,4,4,5,5,5,4,3,4,2,3,3,4,1,4,4,2,4,3,1,4,2,3,4,4,2,4,3
"210",5,3,5,2,3,3,4,1,3,4,4,2,5,2,4,4,5,4,2,3,2,4,2,2,3,4,1,3,2,4,3,4,5,4,2,5,1,3,2,3,2,4,4,4
"211",4,4,5,1,5,3,4,4,4,4,5,3,5,4,3,5,5,4,2,4,4,5,1,5,3,3,1,3,2,5,5,5,4,4,5,5,3,5,3,4,1,5,4,5
"212",3,4,2,3,2,4,4,5,3,3,4,1,3,4,3,5,5,5,4,5,2,5,5,3,3,1,1,3,3,3,4,4,4,3,4,4,3,2,4,4,3,5,5,3
"213",3,3,4,2,4,3,4,3,3,5,4,3,4,4,3,4,4,1,3,5,4,4,2,4,4,3,2,4,4,4,4,4,4,3,2,4,3,4,3,4,2,4,3,4
"214",5,3,5,4,5,3,5,4,2,5,5,3,5,4,5,5,5,5,5,4,2,5,4,2,3,4,3,4,5,5,4,5,5,4,4,5,4,4,4,4,1,4,4,5
"215",3,4,4,2,3,1,5,5,5,5,5,1,5,3,5,5,4,2,4,4,3,4,4,4,4,4,1,4,4,3,3,5,5,5,2,4,3,3,3,4,2,3,3,1
"216",5,1,5,4,4,4,5,1,2,4,5,1,5,4,3,4,5,1,4,3,4,5,1,2,3,4,1,5,4,3,4,5,5,2,3,4,1,5,4,3,2,5,4,3
"217",5,4,3,2,4,3,4,3,3,4,3,2,4,4,3,3,2,3,2,4,3,4,4,4,3,4,4,3,4,3,3,3,3,2,1,4,3,4,3,4,4,4,3,2
"218",5,3,5,1,5,4,5,1,2,5,5,1,5,2,4,4,5,1,2,5,2,5,2,2,5,5,1,3,1,5,4,5,5,2,4,5,1,5,2,5,1,5,4,5
"219",4,2,4,1,3,2,4,4,4,5,4,2,4,3,3,4,4,3,2,4,3,4,3,4,3,4,2,3,2,4,3,4,4,3,2,4,2,4,2,4,2,5,2,5
"220",3,2,3,1,3,2,4,1,5,5,5,3,3,2,3,3,2,1,4,3,3,3,1,1,2,3,2,3,3,4,2,3,2,4,3,5,1,3,2,3,2,3,4,3
"221",4,3,4,2,3,4,5,2,4,4,4,1,5,4,4,5,4,2,4,5,2,5,2,3,3,2,1,4,4,3,4,5,4,3,4,4,1,4,4,4,3,5,4,3
"222",3,4,4,1,4,2,4,2,4,4,4,1,5,2,4,4,5,1,3,3,2,4,1,3,3,4,1,2,2,3,1,4,4,3,4,5,1,5,3,4,2,4,4,3
"223",5,1,3,2,3,3,4,4,4,5,5,1,3,2,4,4,4,5,1,3,2,5,5,4,3,4,1,2,2,3,2,5,3,4,3,5,2,3,1,4,2,4,3,1
"224",4,2,5,1,4,4,5,4,4,5,4,1,5,3,4,4,4,2,1,5,4,5,1,4,4,4,2,4,4,5,4,5,5,4,3,5,4,4,2,4,5,5,4,5
"225",2,1,5,1,3,3,4,2,5,5,5,1,5,2,5,4,4,1,2,3,4,3,1,5,3,3,1,5,2,4,4,4,5,4,1,4,2,5,2,2,1,4,1,5
"226",4,2,4,1,4,1,5,4,5,5,5,1,5,2,4,5,5,2,2,4,1,5,2,5,4,3,1,4,2,5,2,5,5,5,2,5,2,5,4,4,1,5,3,5
"227",4,4,5,1,4,3,4,4,5,5,5,3,5,2,3,5,4,4,2,4,4,4,4,4,3,4,4,5,4,3,4,4,5,5,1,4,4,5,3,3,3,3,4,3
"228",3,2,4,4,5,3,4,4,2,5,4,3,4,5,4,4,4,3,3,5,3,4,3,3,5,4,4,4,4,5,5,5,5,4,3,3,2,4,3,5,1,2,4,4
