"","e1","e2","e4","e5","e6","e9","e10","e11","e15","e18","e21","e22","e23"
"1",76,86,90,83,81,89,77,87,87,85,76,78,83
"2",100,100,100,97,97,100,99,100,98,94,100,93,87
"3",100,100,100,100,100,NA,100,100,100,98,98,32,29
"4",100,85,97,87,86,100,100,100,100,100,82,70,96
"5",70,69,84,88,86,56,57,62,80,71,76,92,84
"6",100,100,100,100,100,100,100,100,100,100,100,81,61
"7",100,100,100,82,100,100,100,100,70,99,99,69,100
"8",97,84,100,100,100,96,96,88,100,100,92,98,90
"9",100,100,100,100,100,100,100,100,100,100,100,100,100
"10",94,80,94,91,90,56,54,70,72,61,NA,58,74
"11",100,100,100,93,84,100,100,100,73,89,97,82,96
"12",100,100,100,100,100,100,100,100,100,100,97,100,95
"13",100,100,100,100,100,100,100,100,28,100,100,54,100
"14",100,100,100,62,54,100,100,66,72,100,68,59,100
"15",100,92,86,64,70,83,82,77,76,70,72,63,63
"16",78,79,99,78,89,100,100,100,70,87,99,42,88
"17",60,83,84,40,83,87,73,96,69,83,58,NA,82
"18",87,82,85,79,77,98,78,80,71,78,66,84,64
"19",96,91,61,83,56,88,65,57,63,65,78,67,70
"20",51,49,84,51,78,50,51,50,38,83,50,30,73
"21",78,82,83,57,60,84,58,77,85,66,64,71,92
"22",100,100,100,76,84,100,100,81,66,84,90,61,85
"23",98,51,97,97,98,99,98,97,98,92,98,96,97
"24",95,95,97,89,85,98,94,90,91,95,89,65,85
"25",79,96,98,99,100,100,93,100,100,99,97,95,100
"26",92,91,94,77,85,90,91,84,92,88,87,91,84
"27",54,52,54,89,85,69,75,76,79,80,50,51,50
"28",66,77,56,53,53,78,81,87,66,83,76,63,50
"29",98,100,100,100,100,100,100,100,94,52,100,100,72
"30",91,94,85,79,83,100,100,100,96,100,91,52,86
"31",100,100,NA,92,89,100,42,100,NA,90,100,1,66
"32",73,81,82,74,80,85,87,83,87,85,82,78,73
"33",100,100,100,32,100,82,67,71,70,65,80,21,73
"34",95,93,87,99,95,100,95,96,91,98,95,100,82
"35",82,100,84,79,83,94,97,95,95,94,71,88,80
"36",100,100,100,71,73,100,100,70,1,100,77,1,63
"37",75,100,95,94,97,100,100,100,78,100,83,50,41
"38",100,94,100,100,100,100,100,100,100,94,92,92,87
"39",94,96,96,93,97,99,94,80,76,91,93,100,68
"40",97,100,100,90,94,100,100,100,50,96,91,20,45
"41",80,85,84,81,83,83,78,78,81,83,59,49,53
"42",100,100,100,56,50,50,50,51,59,72,100,50,23
"43",100,100,100,54,92,100,91,76,84,96,93,91,100
"44",38,51,51,43,50,100,100,100,2,NA,46,85,67
"45",98,100,100,88,100,98,99,98,78,72,100,99,94
"46",98,96,83,95,91,97,96,94,88,96,93,36,92
"47",88,71,76,80,69,NA,100,98,83,53,35,54,38
"48",78,62,74,63,64,56,49,55,61,63,81,54,60
"49",75,50,56,72,71,72,76,68,50,71,65,72,59
"50",87,85,87,92,94,88,89,88,92,85,91,66,76
"51",64,66,61,64,63,71,64,69,77,62,67,57,55
"52",95,97,97,87,94,99,88,90,88,96,86,78,81
"53",64,81,76,100,100,100,100,100,65,100,100,25,100
"54",100,100,100,33,30,100,94,71,50,88,88,67,54
"55",96,79,96,89,100,98,99,98,89,83,100,100,95
"56",82,63,70,54,55,81,76,78,65,72,71,61,68
"57",100,100,100,71,59,100,100,100,57,79,73,81,74
"58",84,77,78,81,78,73,70,67,80,63,46,54,61
"59",100,100,100,100,100,100,100,100,100,100,100,81,100
"60",83,72,81,86,74,89,82,75,81,75,68,87,71
"61",100,100,100,87,73,94,41,59,91,94,100,89,100
"62",100,96,100,89,96,100,100,100,91,100,84,71,100
"63",100,100,100,100,100,100,100,100,100,100,85,63,100
"64",100,100,100,78,80,89,73,73,77,100,85,92,97
"65",99,99,99,98,98,99,99,99,85,98,99,83,97
"66",100,100,100,90,83,100,96,77,65,87,54,89,100
"67",100,100,100,73,68,76,57,58,24,81,100,29,72
"68",77,80,81,87,99,100,50,82,84,100,50,61,82
"69",100,95,100,94,68,100,100,88,96,91,93,97,97
"70",100,100,100,89,89,97,78,93,90,97,97,77,98
"71",93,100,100,92,89,100,92,94,91,100,93,89,83
"72",54,55,53,56,56,59,59,56,60,56,60,56,53
"73",65,65,66,51,53,53,53,64,55,66,53,51,73
"74",92,95,93,79,81,76,75,63,72,74,71,NA,68
"75",100,100,100,100,100,100,84,100,83,100,100,77,75
"76",93,100,96,94,100,100,72,69,97,95,92,63,80
"77",95,100,100,76,78,100,100,100,95,100,77,77,87
"78",100,100,100,80,99,100,100,100,100,100,100,100,100
"79",71,85,90,73,76,95,99,91,75,83,80,33,88
"80",100,100,99,100,100,100,82,87,100,100,100,100,57
"81",99,82,75,60,69,80,62,77,67,84,64,77,49
"82",97,98,97,95,88,96,87,93,79,95,91,NA,55
"83",98,96,97,85,77,98,100,89,92,92,94,80,86
"84",90,90,91,96,95,100,100,100,96,94,92,97,97
"85",68,77,64,66,61,73,66,69,55,57,NA,NA,44
"86",99,100,100,100,100,100,100,100,100,100,100,87,33
"87",96,96,98,97,98,96,97,97,96,97,97,97,41
"88",85,93,98,79,79,98,89,88,83,78,77,50,66
"89",75,81,78,64,61,96,91,82,79,96,88,60,61
"90",100,99,100,95,92,100,98,98,95,98,95,95,98
"91",97,96,93,85,88,100,100,95,90,90,88,50,87
"92",83,90,100,84,90,100,83,98,83,100,NA,84,100
"93",NA,NA,NA,99,81,100,85,81,58,100,89,NA,77
"94",99,100,100,100,100,100,100,98,100,100,100,100,100
"95",91,93,67,66,50,50,83,50,50,50,50,63,61
"96",98,97,97,95,95,99,99,98,89,92,89,76,84
"97",63,63,67,59,56,60,71,61,60,61,67,65,69
"98",100,100,100,100,100,100,33,94,86,100,100,2,74
"99",62,55,62,55,60,66,61,59,58,56,61,56,88
"100",78,64,77,70,66,65,71,64,76,59,61,63,58
"101",93,92,92,84,88,88,94,93,91,92,90,87,90
"102",88,71,72,47,48,65,66,57,32,39,56,66,26
"103",91,85,84,77,77,100,97,75,73,100,69,64,75
"104",96,88,94,30,63,77,79,73,78,79,83,52,85
"105",72,100,93,77,55,97,93,95,74,92,42,91,89
"106",100,100,100,100,100,100,100,100,100,100,100,50,100
"107",100,98,100,99,99,100,100,100,100,99,100,99,100
"108",100,100,100,78,100,94,77,92,5,100,68,29,90
"109",94,96,94,30,30,82,NA,66,NA,85,91,51,3
"110",100,100,100,100,91,100,96,92,99,100,96,100,100
"111",96,96,95,87,89,88,97,89,92,89,94,93,94
"112",100,100,100,100,100,100,100,100,47,100,100,100,79
"113",100,100,100,100,100,100,100,100,100,100,100,100,100
"114",77,77,80,56,62,86,84,88,62,46,73,43,51
"115",100,100,100,100,100,100,100,100,87,100,100,100,100
"116",77,88,93,57,62,88,53,64,82,42,75,37,36
"117",43,100,100,73,81,NA,NA,100,NA,NA,NA,NA,65
"118",69,65,67,71,73,73,67,70,71,61,51,59,73
"119",99,95,100,100,100,100,93,97,98,100,96,86,97
"120",89,76,91,65,70,100,97,98,68,30,87,67,85
"121",85,100,92,88,87,100,85,100,84,82,95,66,51
"122",91,100,100,94,100,100,100,100,97,100,90,87,96
"123",89,83,84,41,66,77,73,77,73,76,64,53,57
"124",100,100,100,73,47,100,100,100,82,100,93,45,94
"125",61,NA,73,70,81,100,100,99,75,77,66,69,73
"126",89,93,83,77,74,87,86,83,77,79,70,82,82
"127",100,100,94,61,60,59,81,51,90,78,100,51,93
"128",100,100,100,55,65,91,63,67,61,90,87,70,72
"129",100,100,100,100,100,100,100,100,100,100,100,100,100
"130",82,77,100,91,100,84,100,92,100,100,89,100,90
"131",94,100,100,91,100,100,100,100,96,100,95,100,90
"132",94,97,95,80,95,100,100,88,100,100,82,94,87
"133",100,100,100,91,93,100,99,100,88,100,84,96,96
"134",41,72,17,79,87,73,65,72,62,65,95,84,27
"135",94,91,94,62,76,95,51,92,54,78,87,80,51
"136",65,66,59,63,65,52,67,54,76,51,56,66,45
"137",82,100,78,65,50,66,68,50,59,76,64,61,64
"138",84,95,95,NA,82,89,100,100,88,92,90,NA,51
"139",84,82,87,87,91,96,91,92,83,76,88,69,84
"140",100,100,100,97,100,100,100,100,72,100,94,77,89
"141",82,66,60,79,79,88,84,90,50,75,83,80,77
"142",62,64,74,61,75,73,82,67,59,65,66,54,69
"143",33,92,85,50,51,NA,NA,NA,NA,NA,NA,50,50
"144",84,36,89,100,100,100,99,100,97,97,100,100,81
"145",100,100,100,95,100,96,94,93,100,95,98,96,100
"146",95,100,100,95,94,100,100,100,100,100,100,74,87
"147",100,100,100,83,88,100,100,100,100,100,94,87,95
"148",88,91,93,NA,44,90,94,91,31,29,28,NA,32
"149",59,89,88,44,86,90,73,79,68,70,61,68,46
"150",100,100,100,5,4,100,100,100,100,100,100,1,100
"151",100,100,100,100,96,100,100,100,98,100,100,NA,100
"152",80,78,64,69,70,84,73,84,55,71,54,59,85
"153",98,96,99,63,55,87,97,97,50,95,44,77,98
"154",100,100,100,51,50,100,81,79,33,89,82,3,87
"155",91,100,100,68,60,100,57,49,70,68,65,44,100
"156",93,100,89,83,74,99,98,89,83,79,66,79,80
"157",72,80,50,50,50,100,100,73,50,83,50,50,68
"158",100,100,100,100,100,100,100,100,50,100,100,66,100
"159",94,95,96,70,76,86,89,95,97,89,96,89,55
"160",90,100,100,84,88,92,86,86,100,100,100,68,81
"161",96,98,92,100,95,94,98,99,74,94,91,73,87
"162",88,79,88,88,84,97,95,86,89,49,73,84,80
"163",93,94,92,51,59,53,72,59,58,62,88,63,91
"164",84,54,33,96,100,100,100,100,70,97,100,82,94
"165",100,100,100,82,45,31,99,86,68,90,79,100,100
"166",95,100,97,84,80,86,100,74,70,29,94,100,100
"167",91,92,91,85,73,94,95,81,87,77,89,50,76
"168",100,100,100,88,100,100,92,100,76,48,100,33,100
"169",98,98,97,82,77,92,91,95,66,75,50,98,56
"170",100,100,100,64,96,100,100,100,100,100,88,100,100
"171",100,100,100,100,100,100,100,100,100,100,100,29,100
"172",76,91,75,75,68,100,100,100,100,100,53,87,94
"173",91,89,84,70,64,94,64,87,84,67,81,71,64
"174",79,81,92,70,62,89,97,82,50,63,80,65,71
"175",40,97,75,53,52,98,44,45,55,75,50,46,37
"176",100,100,91,66,72,100,100,97,89,87,94,68,100
"177",90,89,82,94,90,92,87,65,87,84,86,63,98
"178",100,100,100,100,100,100,100,100,100,100,82,100,86
"179",99,100,100,77,83,100,100,100,80,100,79,63,100
"180",84,98,93,51,30,100,100,99,26,54,53,75,33
"181",95,97,95,96,98,97,98,96,96,98,65,90,76
"182",100,100,100,54,100,100,100,80,66,87,100,50,56
"183",92,89,89,80,81,89,72,73,100,100,76,76,96
"184",50,50,50,NA,50,50,50,50,38,NA,50,50,50
"185",53,65,50,44,83,100,100,81,61,50,50,100,83
"186",100,100,100,100,100,100,100,100,100,100,100,100,100
"187",97,100,100,77,74,94,100,90,91,77,47,NA,100
"188",76,65,53,55,46,85,58,62,47,50,67,NA,44
"189",100,100,100,59,55,80,100,100,87,100,63,55,66
"190",94,94,97,92,83,74,91,77,95,95,96,89,81
"191",100,100,100,100,100,NA,100,100,100,100,100,NA,100
"192",96,98,98,96,98,98,98,97,98,98,97,98,98
"193",60,96,78,57,61,78,52,83,69,56,74,46,51
"194",100,71,100,100,100,100,100,100,100,100,100,50,100
"195",100,100,100,100,100,100,100,100,100,100,100,100,73
"196",100,100,100,100,100,100,100,100,100,100,100,100,83
"197",72,92,92,82,85,92,80,86,100,97,80,70,72
"198",100,100,100,100,100,100,100,100,87,24,100,100,84
"199",99,100,100,100,100,100,100,100,89,93,95,60,100
"200",74,83,74,75,81,98,80,78,82,62,62,59,87
"201",88,100,100,NA,NA,100,100,100,61,99,78,53,53
"202",95,86,82,59,62,79,94,86,67,71,64,62,79
"203",97,93,97,89,91,93,90,93,88,90,87,87,95
"204",100,100,100,100,100,100,100,100,69,96,91,100,100
"205",100,100,100,100,100,100,100,100,100,100,100,100,100
"206",60,76,79,63,71,56,30,66,44,66,69,76,68
"207",83,71,60,56,59,75,77,87,70,51,53,76,61
"208",94,95,93,50,86,98,97,93,57,71,71,39,39
"209",74,72,78,50,100,99,100,100,69,68,65,52,95
"210",93,100,100,94,100,80,98,100,100,95,80,100,100
"211",73,76,86,50,67,93,83,90,65,59,56,74,50
"212",90,86,82,81,69,76,46,64,75,82,96,91,70
"213",100,100,100,88,77,100,65,87,69,84,100,50,100
"214",100,94,100,79,100,100,85,100,50,92,71,72,100
"215",76,100,61,61,66,99,100,100,88,100,84,21,67
"216",83,75,78,91,100,92,100,100,83,56,100,100,50
"217",88,89,97,85,85,89,90,94,99,96,73,71,78
"218",100,100,100,100,90,89,89,93,92,89,90,71,88
"219",63,62,63,67,63,58,50,71,32,85,65,67,58
"220",39,64,39,100,100,64,100,100,83,100,100,50,60
"221",77,77,72,54,81,84,75,73,74,72,73,74,73
"222",91,25,92,29,59,96,83,86,62,40,33,64,37
"223",100,90,100,68,79,82,50,50,NA,NA,82,50,75
"224",71,60,59,69,67,92,78,84,67,67,64,62,55
"225",100,100,100,100,100,100,100,88,41,NA,100,90,100
"226",100,100,100,89,100,97,91,100,87,94,100,100,100
"227",50,100,100,86,73,100,64,79,73,100,66,57,100
"228",NA,NA,NA,66,54,61,49,49,NA,NA,NA,NA,51
"229",90,95,96,66,56,100,98,94,50,77,52,61,40
"230",35,75,81,74,71,100,43,85,55,87,91,59,86
"231",84,87,88,89,89,81,77,83,86,91,84,63,84
"232",93,100,96,68,79,100,100,100,61,72,100,45,56
"233",100,100,100,100,100,100,100,100,100,100,94,97,100
"234",61,100,100,50,66,100,76,66,80,50,50,90,51
"235",61,63,54,70,72,93,80,86,62,61,81,62,87
"236",92,100,98,86,99,100,100,100,100,84,100,90,100
"237",53,66,79,69,74,81,86,88,74,83,53,53,60
"238",98,96,100,89,100,74,NA,64,79,100,100,100,100
"239",97,98,97,92,93,95,97,94,96,96,96,65,86
"240",87,100,100,73,71,96,58,79,86,75,96,55,29
"241",84,100,100,100,100,99,89,81,96,100,100,51,22
"242",54,28,60,96,90,51,59,48,NA,45,31,95,97
"243",99,83,83,100,100,100,99,99,30,89,89,100,78
"244",NA,NA,NA,NA,NA,NA,NA,NA,NA,NA,NA,NA,71
"245",67,50,69,94,91,89,89,68,67,74,81,50,77
"246",100,100,100,53,54,100,100,100,100,100,100,68,100
"247",100,100,100,81,89,94,95,100,99,68,NA,92,73
"248",100,100,100,100,100,100,100,100,100,100,100,100,100
"249",95,97,98,95,97,98,97,96,96,15,97,98,87
"250",NA,NA,NA,NA,NA,100,100,100,93,NA,NA,NA,100
"251",95,99,98,96,83,100,94,99,88,98,87,86,84
"252",90,85,92,85,NA,100,100,100,85,93,92,100,82
"253",69,66,79,68,68,93,89,76,61,68,64,82,71
"254",100,100,100,99,100,100,100,100,100,100,93,100,100
"255",88,69,89,91,95,86,63,58,82,72,92,62,56
"256",88,79,86,75,83,86,88,85,77,85,83,77,85
"257",89,87,87,52,70,61,50,79,69,84,84,51,50
"258",100,96,100,100,100,100,100,100,85,100,100,83,89
"259",100,100,100,100,100,100,100,99,100,100,100,52,95
"260",73,85,87,63,61,69,99,92,77,77,50,50,96
"261",84,100,100,76,NA,100,62,87,84,99,89,95,76
"262",100,100,100,100,100,99,100,100,100,100,100,100,97
"263",100,99,99,89,100,100,98,99,93,89,96,96,92
"264",100,100,100,100,100,100,100,92,58,72,100,100,57
"265",100,100,100,100,100,100,99,99,99,100,100,100,95
"266",84,72,80,67,71,95,41,74,80,22,82,67,92
"267",51,78,89,95,92,98,90,81,79,97,89,60,71
"268",96,100,100,84,92,100,100,98,42,95,87,69,93
"269",90,96,100,100,100,100,100,100,6,100,70,100,90
"270",77,96,83,74,83,94,86,87,64,86,64,62,61
"271",100,100,100,100,100,100,100,100,100,100,100,96,99
"272",100,100,100,98,100,100,100,100,50,100,97,50,100
"273",100,94,100,86,84,100,100,100,88,91,100,90,61
"274",100,100,100,100,100,100,100,100,50,100,100,50,100
"275",82,93,91,88,72,91,92,82,72,68,94,65,92
"276",91,94,92,52,49,100,99,50,51,61,65,48,76
"277",96,98,98,80,77,99,98,93,82,98,97,66,78
"278",100,100,100,93,79,100,100,100,100,100,100,82,100
"279",100,100,89,100,99,86,89,86,96,96,91,63,92
"280",93,91,94,80,90,96,86,100,91,84,88,76,71
"281",86,89,100,93,87,100,100,100,81,100,100,100,55
"282",2,3,2,7,57,49,99,100,100,1,1,NA,39
"283",86,82,82,73,68,79,81,83,70,72,80,84,79
"284",93,97,100,82,82,100,91,87,77,97,96,62,66
"285",7,6,7,3,4,4,4,4,14,9,4,5,6
"286",93,78,88,82,78,79,50,76,78,76,79,50,58
"287",94,100,97,85,85,100,100,100,100,90,73,83,95
"288",2,1,4,1,2,39,2,11,2,2,3,2,1
"289",100,100,100,95,100,100,94,100,100,100,100,85,94
"290",91,90,94,64,63,93,88,87,50,70,80,72,58
"291",88,83,77,100,82,100,100,100,68,70,100,86,72
"292",92,95,92,62,63,88,81,70,66,43,63,14,76
"293",100,100,100,100,100,100,100,100,100,100,100,100,100
"294",92,92,95,75,86,98,100,98,93,93,83,82,76
"295",100,100,100,100,100,100,100,100,94,82,100,100,100
"296",100,90,88,80,63,90,86,89,77,100,56,30,88
"297",100,100,100,100,100,100,100,100,37,100,100,100,100
"298",100,100,100,91,88,100,100,91,100,100,79,78,85
"299",32,43,42,20,26,47,45,38,43,14,24,34,20
"300",64,76,90,74,59,74,95,77,49,65,57,50,88
"301",86,90,83,73,82,90,95,87,77,75,77,81,81
"302",100,100,100,100,100,100,100,100,100,100,100,100,100
"303",99,97,99,47,99,100,46,97,50,88,82,26,100
"304",85,85,85,63,50,91,33,63,64,63,85,35,62
"305",100,100,100,70,62,100,100,100,73,100,100,81,100
"306",89,74,87,72,67,95,89,99,85,92,89,70,72
"307",92,78,94,64,60,84,91,60,70,71,73,85,70
"308",95,96,97,62,77,95,96,94,92,95,84,59,76
"309",80,58,64,59,65,71,55,70,62,60,54,58,66
"310",67,72,64,64,59,68,56,63,51,83,62,71,79
"311",85,94,89,67,72,90,84,78,77,71,51,82,60
"312",100,100,100,100,100,100,100,97,89,100,74,100,100
"313",65,76,77,60,79,68,80,79,56,74,61,62,61
"314",95,80,92,76,86,81,73,82,86,70,59,75,62
"315",97,77,99,61,67,100,92,88,83,71,78,55,99
"316",99,99,86,85,81,99,94,100,98,99,98,85,90
"317",98,97,100,95,84,100,100,100,NA,NA,NA,90,66
"318",69,62,73,50,50,50,50,64,72,71,50,32,50
"319",95,100,100,NA,100,100,100,100,81,100,94,92,94
"320",100,100,100,60,76,100,100,89,NA,100,92,44,91
"321",98,98,98,91,97,96,92,82,69,98,71,69,25
"322",50,71,34,67,73,74,62,50,50,50,50,50,50
"323",57,59,58,57,58,57,60,53,56,55,56,55,58
"324",100,100,100,100,98,100,100,100,100,100,75,99,100
"325",97,98,98,97,83,70,41,58,42,83,64,26,100
"326",91,88,94,59,63,86,90,86,74,70,76,70,64
"327",100,100,100,69,70,100,100,100,67,66,73,58,100
"328",100,100,100,87,68,100,100,100,100,55,100,100,99
"329",100,100,100,100,100,100,100,100,100,100,100,100,92
"330",59,84,81,58,16,100,99,56,81,79,100,54,78
"331",91,100,98,86,67,74,79,74,84,80,97,75,86
"332",85,86,50,69,86,73,50,72,50,50,78,50,72
"333",100,99,100,54,76,50,55,76,77,77,53,55,49
"334",37,43,38,40,43,70,74,75,69,92,54,NA,37
"335",100,100,100,100,100,100,100,100,100,100,100,100,83
"336",85,65,95,58,56,48,40,52,45,32,53,14,58
"337",100,100,100,97,98,97,96,94,66,79,92,100,96
"338",100,100,100,88,100,99,91,99,100,94,90,100,100
"339",57,75,51,41,36,40,41,49,35,23,51,50,38
"340",100,87,96,100,100,100,100,100,98,100,100,100,93
"341",73,82,100,83,77,100,91,100,100,100,56,78,100
"342",99,98,99,71,68,100,98,90,100,96,95,65,90
"343",100,88,78,83,64,94,94,81,78,86,50,56,100
"344",NA,NA,NA,50,50,52,50,50,61,50,NA,37,50
"345",78,100,100,95,90,85,89,83,32,97,100,NA,85
"346",100,100,100,100,100,100,100,100,38,100,100,100,100
"347",96,95,96,94,95,100,100,100,94,95,87,NA,94
"348",100,99,98,89,97,90,100,84,98,89,93,69,97
"349",84,100,100,77,69,97,100,81,57,70,50,93,91
"350",100,100,100,76,57,80,54,86,37,65,72,52,62
"351",30,54,57,84,75,83,74,71,74,54,63,57,33
"352",54,56,50,63,58,74,74,72,65,78,50,79,68
"353",50,59,51,83,51,100,100,88,40,53,42,47,56
"354",93,96,96,91,85,87,80,51,69,82,100,66,94
"355",100,100,100,84,81,100,95,93,92,100,100,81,100
"356",80,83,93,66,77,97,80,85,36,89,80,NA,82
"357",48,51,50,58,58,68,53,56,58,57,62,60,64
"358",85,92,85,73,84,94,66,66,39,87,75,55,63
"359",61,59,84,57,45,54,NA,67,74,69,66,26,57
"360",64,55,66,61,60,50,67,62,60,50,69,38,60
"361",100,100,100,100,100,100,100,100,75,100,100,36,100
"362",100,100,100,100,100,100,100,100,100,100,100,100,100
"363",100,100,100,50,90,100,100,100,90,100,100,32,100
"364",100,100,100,NA,68,100,100,100,100,100,100,50,100
"365",50,52,50,50,50,67,51,51,51,62,68,50,34
"366",100,99,100,73,74,100,100,97,90,62,87,95,100
"367",100,98,100,65,79,88,82,86,70,81,92,29,78
"368",50,100,100,100,50,NA,NA,26,12,4,3,50,5
"369",53,100,95,84,81,90,100,92,69,73,100,43,88
"370",88,33,85,21,29,70,79,78,65,73,50,19,82
"371",97,95,88,96,76,85,100,93,54,80,96,53,88
"372",97,98,94,97,97,84,83,88,86,96,98,95,98
"373",50,50,83,77,74,50,100,100,57,100,77,100,100
"374",100,100,100,100,100,100,100,98,51,100,100,22,100
"375",100,99,100,100,100,100,100,100,100,100,73,100,100
"376",78,84,88,74,76,80,78,80,77,68,70,84,53
"377",73,42,64,38,42,50,35,37,34,41,65,40,31
"378",93,91,91,94,95,100,99,100,89,91,97,88,84
"379",83,86,93,100,100,100,100,100,87,100,90,43,100
"380",83,27,100,71,67,90,46,47,47,23,65,47,47
"381",100,100,100,75,52,99,100,100,77,76,68,100,89
"382",99,50,66,50,77,77,50,50,50,64,74,72,98
"383",100,100,100,100,100,100,100,100,100,100,100,100,51
"384",83,94,92,79,79,87,88,89,71,73,80,85,83
"385",100,100,100,95,100,100,93,100,93,100,96,83,97
"386",100,100,100,100,100,100,97,100,100,100,100,100,95
"387",91,93,96,86,89,93,89,92,90,91,94,86,89
"388",NA,NA,NA,NA,NA,NA,NA,NA,100,98,NA,NA,100
"389",82,84,85,67,68,83,97,93,43,69,76,75,75
"390",63,80,27,100,100,100,100,100,24,74,100,NA,100
"391",100,100,100,87,70,100,100,100,97,78,100,100,64
"392",100,74,61,70,69,88,100,91,76,72,78,56,82
"393",100,100,100,NA,74,100,83,91,64,38,86,87,91
"394",100,100,100,88,94,100,100,100,83,96,100,68,100
"395",34,46,33,77,82,91,86,91,91,63,82,71,84
"396",72,100,100,100,100,80,NA,72,49,81,100,87,100
"397",94,92,95,91,97,100,83,100,88,91,87,67,74
"398",87,84,78,59,67,88,82,78,64,63,77,68,81
"399",94,95,98,92,83,95,100,95,80,95,91,91,93
"400",100,100,100,100,99,100,100,100,100,98,100,96,100
"401",89,90,86,81,73,85,89,90,80,85,85,82,86
"402",81,85,85,68,62,66,85,55,42,79,63,51,80
"403",79,84,89,50,75,92,89,94,72,87,89,50,50
"404",100,100,100,79,87,100,100,90,85,84,79,79,92
"405",67,64,66,76,62,99,97,87,83,66,68,94,95
"406",100,92,100,90,86,100,86,90,99,83,88,80,81
"407",100,100,100,30,50,100,36,50,67,65,93,24,51
"408",79,87,77,55,70,69,56,68,61,52,72,85,63
"409",95,96,100,76,86,69,70,68,72,65,89,78,91
"410",70,80,83,67,65,66,98,70,61,77,71,88,57
"411",100,100,100,100,100,100,100,100,100,100,100,71,62
"412",38,71,23,33,57,100,100,75,28,32,62,34,64
"413",83,74,99,41,44,80,100,17,30,24,10,25,3
"414",70,76,59,38,50,86,45,68,27,83,22,33,73
"415",100,98,96,94,93,94,82,86,95,93,89,86,59
"416",100,100,100,98,97,99,100,99,87,99,95,97,100
"417",84,97,99,87,88,90,NA,74,77,81,84,100,72
"418",100,96,99,88,98,94,96,85,88,89,51,94,73
"419",100,100,100,100,83,100,100,100,100,100,100,100,100
"420",72,75,83,55,62,75,79,78,69,66,46,51,57
"421",85,78,99,62,72,99,57,87,82,100,67,94,100
"422",84,80,51,90,93,88,90,58,55,31,73,55,57
"423",100,100,100,100,97,82,90,87,90,88,94,60,79
"424",100,95,100,83,82,92,97,91,27,95,99,30,100
"425",92,85,95,86,81,81,76,65,67,72,59,74,51
"426",100,95,100,100,77,100,97,97,70,88,93,69,100
"427",100,100,100,100,100,100,100,100,100,100,100,82,100
"428",100,98,100,83,93,100,100,100,1,83,65,30,92
"429",87,50,50,50,79,85,90,90,73,84,89,50,98
"430",92,90,91,89,88,100,95,93,92,90,78,89,88
"431",100,98,100,99,50,99,99,98,98,89,100,62,50
"432",77,99,89,70,NA,90,96,90,89,96,99,90,93
"433",83,85,83,66,79,88,88,83,95,89,92,61,73
"434",100,100,100,100,100,99,100,100,100,100,100,51,93
"435",97,99,93,72,50,94,97,83,75,94,75,80,99
"436",49,49,41,52,53,54,57,53,49,NA,52,NA,33
"437",84,89,88,86,87,93,86,91,64,28,84,26,91
"438",76,72,99,72,81,89,86,90,88,93,94,68,80
"439",80,83,63,52,100,100,94,100,99,94,92,94,100
"440",73,81,86,71,71,91,96,70,78,89,73,86,63
"441",69,53,50,64,82,97,93,66,75,85,71,58,78
"442",100,100,100,92,94,98,97,100,95,98,92,89,95
"443",61,60,61,72,65,62,63,60,61,56,63,58,61
"444",85,86,90,80,75,73,50,82,46,83,76,65,54
"445",83,74,91,80,69,86,90,49,93,83,85,73,46
"446",100,100,100,100,100,94,100,100,86,100,100,100,100
"447",79,89,100,77,75,100,95,89,93,81,61,59,77
"448",100,100,100,86,86,NA,NA,94,74,92,89,65,100
"449",88,85,100,86,100,100,100,100,84,89,68,100,70
"450",100,100,100,50,100,100,100,100,100,100,100,100,100
"451",92,73,100,65,73,92,80,85,56,67,91,86,100
"452",89,88,86,67,69,92,66,79,70,79,82,70,83
"453",97,95,98,54,53,83,100,96,67,74,56,50,71
"454",43,50,50,50,50,50,50,51,37,54,50,37,51
"455",NA,NA,NA,NA,NA,NA,NA,NA,50,49,NA,50,50
"456",97,98,97,81,94,95,93,95,81,85,85,78,90
"457",96,91,96,71,77,94,62,92,63,89,96,60,73
"458",85,100,100,100,92,100,100,81,80,100,100,100,100
"459",100,92,100,86,75,81,66,65,57,84,90,52,72
"460",51,88,61,51,58,75,62,61,32,53,56,35,73
"461",88,97,100,50,3,50,100,100,80,94,100,14,83
"462",7,10,11,42,14,93,9,10,54,64,27,19,17
"463",89,100,96,78,36,70,46,46,22,18,86,29,44
"464",86,83,93,85,84,97,75,81,86,75,74,69,66
"465",87,92,88,81,79,94,50,85,83,96,88,50,97
"466",100,100,100,86,88,100,88,100,65,100,83,72,67
"467",100,100,100,100,94,100,100,100,87,92,96,70,100
"468",96,100,100,59,100,97,92,96,92,64,97,75,66
"469",90,93,97,71,60,91,85,80,74,89,93,33,92
"470",99,97,98,89,96,69,79,75,93,93,70,95,94
"471",84,72,90,72,83,96,94,58,83,68,28,86,87
"472",93,92,92,91,92,68,79,82,92,90,88,89,91
"473",100,100,74,100,100,100,100,100,100,100,100,100,100
"474",52,47,42,37,34,36,35,32,44,52,48,33,34
"475",61,63,65,63,55,81,81,71,70,71,68,72,64
"476",100,100,100,100,100,100,100,100,100,100,100,100,100
"477",100,100,100,100,100,100,100,100,100,100,100,100,100
"478",100,100,100,87,71,100,59,87,100,100,64,84,91
"479",100,100,100,100,100,100,100,100,96,100,90,88,100
"480",50,51,50,NA,NA,NA,NA,NA,50,50,NA,50,50
"481",98,96,95,77,98,99,99,99,85,94,94,71,99
"482",100,100,100,100,100,100,100,100,100,100,100,88,95
"483",93,86,94,80,75,100,89,92,75,79,50,71,96
"484",100,100,100,90,95,100,100,100,79,100,96,100,100
"485",100,100,100,83,83,100,100,100,100,93,70,100,83
"486",100,100,100,100,100,100,100,100,47,94,100,37,89
"487",97,79,68,83,63,81,83,62,85,90,71,68,14
"488",50,31,32,100,100,87,87,99,100,100,100,100,21
"489",100,100,100,100,100,100,100,100,100,100,100,100,100
"490",99,100,99,99,99,99,99,99,99,100,88,99,99
"491",100,100,100,100,100,100,97,98,51,98,100,27,80
"492",95,92,92,92,89,96,92,95,89,96,93,98,98
"493",93,100,100,89,88,64,60,84,64,86,93,67,75
"494",50,52,55,51,48,67,61,76,55,58,47,50,42
"495",96,81,81,66,69,100,98,100,72,84,61,33,47
"496",NA,NA,NA,NA,NA,NA,NA,NA,83,85,NA,NA,77
"497",95,96,100,83,89,97,100,97,72,58,93,73,84
"498",100,100,100,65,100,86,100,100,83,84,77,88,100
"499",49,100,63,100,100,100,100,100,100,100,92,78,100
"500",97,95,94,99,97,97,93,96,99,100,100,82,98
"501",86,90,94,93,81,88,88,88,86,87,85,79,91
"502",73,74,75,60,73,88,86,81,77,72,66,68,57
"503",64,87,86,62,76,90,86,73,74,78,80,72,82
"504",100,97,99,77,96,93,100,100,98,95,90,60,94
"505",100,100,98,75,87,100,100,100,100,100,100,100,100
"506",100,100,99,99,100,100,100,99,100,99,100,99,99
"507",75,78,100,67,69,100,75,76,83,72,79,63,85
"508",99,99,91,85,86,94,96,98,76,99,78,68,60
"509",100,100,100,50,50,51,76,50,80,65,91,50,50
"510",99,100,100,88,86,100,100,89,90,100,81,83,99
"511",50,50,68,50,50,81,50,50,51,82,NA,54,67
"512",100,100,100,70,76,100,76,92,89,94,100,65,76
"513",42,87,83,74,87,88,36,74,61,52,47,80,51
"514",99,100,98,87,85,92,88,100,85,100,100,87,94
"515",99,100,98,NA,NA,96,82,97,NA,NA,73,51,96
"516",50,61,64,50,37,72,50,50,36,50,50,29,50
"517",100,100,100,62,62,100,100,100,100,100,100,100,100
"518",97,99,99,75,100,73,50,98,100,100,99,50,100
"519",91,100,88,47,65,100,100,100,70,71,86,78,100
"520",88,92,81,94,91,91,82,94,76,66,78,91,87
"521",100,100,99,98,98,100,100,98,99,99,97,35,100
"522",95,97,96,94,94,92,90,94,88,86,78,NA,60
"523",91,99,100,84,79,43,100,98,91,85,95,NA,83
"524",77,81,92,59,75,93,100,93,72,93,72,35,74
"525",73,91,90,84,90,94,92,78,82,96,89,90,89
"526",95,100,100,100,85,55,96,100,50,85,96,39,100
"527",81,91,87,66,76,73,54,76,74,78,61,67,85
"528",74,91,81,68,69,69,59,69,73,69,72,77,59
"529",98,100,100,100,75,100,97,97,84,100,66,88,66
"530",50,50,100,26,50,100,100,33,90,100,85,90,84
"531",100,100,100,100,89,100,100,100,100,100,100,100,90
"532",85,100,100,100,100,100,100,100,100,100,100,100,88
"533",100,100,100,96,86,100,100,100,86,100,100,100,100
"534",76,93,49,100,100,100,100,100,100,99,100,100,89
"535",24,100,100,100,100,100,100,100,100,100,100,100,100
"536",100,100,100,96,100,100,100,100,100,100,100,100,100
"537",96,97,97,93,97,98,96,92,96,97,97,74,96
"538",88,81,62,83,84,97,95,94,72,81,90,79,75
"539",100,100,100,100,100,100,100,100,100,100,100,100,100
"540",100,100,100,99,100,100,100,100,81,100,100,100,100
"541",100,100,100,84,85,100,100,100,51,88,100,85,100
"542",100,100,100,100,100,100,100,100,100,100,100,100,100
"543",84,56,78,100,100,67,78,64,100,100,63,57,87
"544",97,97,98,57,63,79,97,61,96,97,60,66,45
"545",74,100,100,74,84,100,100,100,50,75,70,50,84
"546",NA,NA,NA,NA,NA,95,98,94,NA,95,NA,NA,98
"547",79,96,96,75,78,79,87,82,90,89,71,85,83
"548",98,100,100,59,84,100,98,99,95,93,93,57,98
"549",90,74,85,100,100,100,100,100,100,100,99,100,100
"550",42,66,70,46,42,70,43,48,62,61,68,50,43
"551",96,96,94,90,90,100,100,100,100,96,89,82,84
"552",84,91,94,NA,66,82,93,80,88,74,64,79,89
"553",100,100,100,100,100,100,100,100,100,100,100,100,100
"554",98,100,100,100,100,100,100,100,100,100,73,79,100
"555",18,20,35,74,86,98,87,92,89,13,30,35,27
"556",100,100,100,100,95,100,100,100,100,98,90,99,100
"557",87,89,87,87,90,89,84,88,85,39,73,89,88
"558",NA,NA,NA,77,78,63,69,80,81,97,87,100,78
"559",99,96,100,96,96,97,98,97,52,97,98,56,85
"560",100,100,100,89,81,100,100,100,100,100,100,85,100
"561",100,100,99,48,50,50,100,50,78,89,100,56,51
"562",100,100,100,68,64,100,78,90,91,100,86,27,91
"563",100,100,100,100,92,100,100,100,100,100,35,58,100
"564",50,50,50,48,NA,50,NA,50,NA,50,50,NA,50
"565",NA,NA,NA,79,90,NA,NA,NA,71,79,NA,NA,89
"566",86,86,90,89,85,90,98,83,90,84,86,64,89
"567",96,95,97,90,90,94,92,96,91,95,87,53,87
"568",100,100,100,100,56,100,100,100,100,100,34,69,100
"569",100,100,100,100,100,100,100,100,100,100,100,82,100
"570",80,88,84,80,81,68,91,79,88,100,86,89,64
"571",50,53,68,52,50,80,70,66,71,77,58,76,71
"572",92,100,100,94,100,100,100,100,38,91,68,52,88
"573",93,96,97,80,91,95,73,85,63,96,61,79,89
"574",93,87,92,28,13,88,91,85,90,82,83,NA,95
"575",81,69,100,75,72,68,66,71,71,71,NA,NA,46
"576",84,90,89,74,69,94,91,83,90,88,87,82,86
"577",100,100,100,87,70,100,85,83,87,92,92,25,94
"578",92,90,30,85,76,100,95,95,55,73,70,72,99
"579",75,72,73,90,82,100,70,86,84,100,70,69,89
"580",98,99,98,50,50,67,50,85,41,97,97,72,95
"581",71,71,78,71,68,NA,68,76,68,68,61,69,79
"582",100,100,100,100,100,100,100,100,100,100,100,61,100
"583",71,100,100,83,100,99,100,83,55,100,100,78,100
"584",95,89,97,96,96,100,94,98,94,100,94,86,100
"585",100,100,100,61,54,100,100,86,79,89,74,68,99
"586",98,92,100,19,79,100,78,82,93,100,65,65,90
"587",86,51,77,73,90,95,99,83,83,86,NA,56,50
"588",92,88,96,25,53,95,95,79,6,67,94,100,57
"589",100,96,100,100,100,100,84,95,84,87,81,92,73
"590",97,93,100,80,97,100,96,96,94,90,98,73,69
"591",100,100,100,100,94,100,100,100,95,98,100,85,100
"592",100,100,100,73,100,60,96,55,100,100,100,56,81
"593",100,100,93,89,83,51,100,92,83,86,85,28,69
"594",100,100,100,94,81,100,100,100,94,94,89,86,100
"595",100,100,100,100,100,100,100,100,100,100,96,89,67
"596",68,65,72,63,67,31,50,38,57,38,52,67,6
"597",100,100,100,100,84,100,100,100,62,100,90,100,100
"598",71,91,91,63,71,76,73,75,30,89,69,40,71
"599",74,82,87,45,50,72,100,79,56,70,71,74,28
"600",NA,NA,NA,40,46,70,71,61,NA,NA,2,57,62
"601",92,96,85,93,97,100,100,100,96,100,100,77,100
"602",100,100,100,100,90,100,100,100,100,93,98,95,98
"603",100,99,91,55,92,100,100,76,76,100,75,63,99
"604",80,87,80,90,71,96,100,100,100,91,87,97,78
"605",100,100,100,100,100,100,100,100,79,94,1,56,100
"606",89,84,85,85,78,98,NA,81,63,83,84,81,85
"607",71,100,92,90,80,100,100,50,19,100,100,50,100
"608",96,97,100,99,83,100,96,96,91,95,100,96,89
"609",77,90,85,84,82,100,96,98,38,84,82,59,45
"610",100,100,100,100,NA,100,87,100,70,39,100,79,100
"611",88,62,72,55,53,56,64,55,53,53,47,65,40
"612",85,91,66,85,81,80,91,100,77,100,100,77,56
"613",100,100,100,100,97,100,100,100,100,100,100,75,100
"614",93,95,98,52,62,100,69,79,53,57,91,37,58
"615",99,96,31,50,82,51,98,97,39,100,93,9,26
"616",50,50,50,50,50,50,50,50,68,56,50,50,51
"617",55,59,58,81,62,62,57,51,50,57,54,93,50
"618",99,100,99,78,96,100,100,100,93,99,94,99,100
"619",100,100,100,96,88,28,100,100,100,100,84,69,16
"620",95,89,95,81,90,100,100,85,71,80,67,65,76
"621",36,44,80,57,80,92,63,78,56,45,63,NA,58
"622",93,100,94,70,82,100,100,98,85,94,77,66,53
"623",79,78,78,46,53,100,100,58,55,100,82,55,100
"624",100,100,100,81,64,100,100,100,100,100,100,62,100
"625",76,95,17,NA,55,84,94,82,NA,73,81,85,59
"626",96,94,95,100,96,96,96,96,79,NA,98,92,70
"627",71,69,71,40,71,80,58,58,68,75,76,59,54
"628",100,100,100,96,100,100,94,100,96,100,100,94,84
"629",100,100,100,75,72,100,100,100,89,100,95,100,100
"630",100,100,100,89,91,100,100,100,88,100,81,100,95
"631",98,100,100,99,98,99,100,99,97,95,96,96,98
"632",100,100,100,100,100,100,100,100,100,100,100,100,100
"633",100,100,100,99,100,100,96,89,100,100,97,100,100
"634",91,100,72,41,50,19,17,52,56,67,64,20,50
"635",71,68,66,95,93,91,93,94,93,94,62,93,32
"636",92,92,100,100,85,NA,NA,NA,NA,NA,NA,NA,67
"637",57,45,43,54,51,64,63,66,55,44,57,59,47
"638",100,100,100,86,87,100,61,92,93,85,98,54,100
"639",100,100,100,100,100,100,100,100,100,100,100,96,87
"640",100,100,100,100,100,100,100,100,100,100,100,100,100
"641",NA,NA,NA,100,100,NA,NA,NA,NA,NA,NA,NA,86
"642",100,100,100,74,100,90,85,86,100,100,100,87,99
"643",100,100,100,71,69,94,100,100,85,100,62,77,57
"644",100,100,100,90,90,45,95,91,100,100,100,79,69
"645",99,100,87,57,24,39,59,83,77,88,38,82,55
"646",83,82,88,81,78,89,75,86,81,80,74,78,81
"647",94,100,100,88,100,100,100,100,50,100,100,32,100
"648",97,95,100,68,68,98,100,98,45,57,67,24,95
"649",100,53,100,1,1,100,28,21,1,1,1,26,1
"650",45,48,44,46,44,56,53,54,55,48,51,46,25
"651",1,30,24,100,100,100,100,100,65,62,70,69,42
"652",100,99,99,64,66,100,100,82,72,100,92,70,76
"653",92,93,90,58,78,84,85,92,31,91,90,25,82
"654",100,100,100,81,100,100,100,100,100,76,100,59,100
"655",74,51,55,50,51,57,54,53,84,68,68,51,44
"656",86,97,95,78,84,88,68,83,92,92,70,94,88
"657",100,100,100,100,96,57,50,63,84,95,50,19,58
"658",93,100,100,64,96,78,88,100,59,100,48,23,55
"659",91,94,92,89,88,93,95,89,89,90,90,90,94
"660",76,87,90,69,52,80,78,84,73,89,72,68,68
"661",53,51,50,61,68,50,NA,50,100,78,93,47,63
"662",100,100,92,82,78,80,71,78,77,67,100,78,93
"663",100,77,81,80,73,84,84,85,85,87,78,80,84
"664",93,76,85,50,30,80,83,76,84,67,84,50,96
"665",4,15,17,3,15,8,10,19,16,28,1,10,14
"666",74,89,96,60,96,91,90,85,73,69,93,59,94
"667",22,52,41,45,52,48,52,47,46,44,47,42,22
"668",100,100,100,100,100,100,100,100,100,100,99,NA,100
"669",73,79,85,38,37,74,79,64,43,79,81,81,1
"670",95,78,58,46,86,91,79,80,56,95,84,87,76
"671",94,84,93,96,85,76,83,76,94,87,95,79,26
"672",93,89,94,82,90,93,90,91,75,92,87,93,92
"673",100,100,100,100,100,100,100,100,100,100,100,100,100
"674",100,100,100,96,82,100,100,85,82,82,NA,75,100
"675",100,100,100,100,100,100,100,100,100,100,100,100,100
"676",100,98,95,98,87,100,100,100,69,98,82,39,87
"677",100,100,100,34,75,88,89,95,92,100,79,37,87
"678",79,78,80,87,83,86,99,88,72,98,75,42,79
"679",81,86,63,53,51,70,75,50,70,69,39,67,60
"680",96,100,92,72,90,85,35,76,67,90,86,69,89
"681",93,97,100,100,79,100,100,100,100,93,100,100,100
"682",100,100,100,100,100,100,100,100,100,100,100,74,100
"683",89,80,93,63,71,100,94,96,55,71,62,75,82
"684",NA,NA,NA,82,85,78,35,75,NA,NA,33,77,34
"685",50,50,35,96,51,99,97,98,80,18,22,50,50
"686",100,100,100,63,78,NA,NA,NA,100,100,85,NA,100
"687",100,100,100,57,56,100,82,92,61,85,92,100,88
"688",91,81,87,58,57,90,86,87,63,76,100,37,82
"689",100,100,100,100,100,100,NA,100,100,100,100,100,100
"690",51,51,51,51,35,NA,NA,NA,NA,NA,53,NA,50
"691",93,95,100,50,88,93,100,97,79,100,97,1,94
"692",1,1,1,53,54,61,45,40,49,28,1,54,1
"693",77,76,86,76,80,78,87,82,52,56,69,71,74
"694",100,100,100,51,100,100,100,100,76,100,100,100,1
"695",99,98,99,59,59,100,100,68,85,94,96,100,48
"696",100,100,100,93,93,100,100,100,82,82,100,91,98
"697",100,100,100,96,100,95,88,100,100,100,100,91,100
"698",50,87,93,60,95,87,22,69,60,67,90,50,68
"699",95,96,100,100,77,100,100,64,68,79,72,63,100
"700",88,89,90,50,51,62,50,78,38,85,85,64,72
"701",69,78,69,75,60,76,76,80,61,60,69,70,50
"702",35,31,31,47,46,89,74,90,64,71,40,53,59
"703",100,100,96,100,100,100,100,100,100,100,100,100,99
"704",81,79,100,100,100,100,100,100,100,100,75,64,78
"705",56,51,51,66,52,42,55,50,51,52,55,51,54
"706",100,99,98,85,81,93,64,99,85,76,96,71,55
"707",50,50,100,100,100,100,100,100,100,100,50,100,66
"708",100,100,100,79,50,50,50,50,46,NA,NA,36,100
"709",89,84,73,86,86,81,82,71,89,86,58,51,85
"710",100,100,100,100,100,100,100,92,96,100,100,91,100
"711",71,86,66,78,74,67,60,59,86,67,68,51,60
"712",97,94,99,87,86,91,NA,80,66,69,85,78,86
"713",84,83,94,96,100,93,96,98,96,97,91,75,72
"714",92,85,95,89,79,92,50,91,88,87,88,87,86
"715",91,92,91,73,61,94,92,86,96,86,94,29,98
"716",100,100,100,87,95,100,100,100,99,92,100,99,100
"717",95,95,97,96,94,96,97,95,94,92,88,96,94
"718",77,78,69,64,51,77,78,75,74,NA,55,56,71
"719",5,22,11,14,63,59,35,70,15,13,15,14,22
"720",100,100,100,100,53,100,100,100,54,100,100,NA,100
"721",84,78,85,68,79,81,77,81,76,69,86,55,52
"722",99,100,99,78,96,99,100,97,79,96,81,90,80
"723",90,91,100,81,88,97,90,95,81,67,89,67,87
"724",97,98,100,100,100,83,100,100,81,90,100,57,100
"725",85,87,96,78,77,63,100,100,67,64,85,92,84
"726",1,1,1,1,5,1,1,1,1,1,1,3,1
"727",89,88,89,88,89,87,81,86,86,78,73,57,96
"728",50,51,50,79,82,50,50,50,51,50,50,50,79
"729",95,88,46,81,94,96,96,93,100,100,94,82,100
"730",100,79,100,66,62,100,100,91,59,50,61,53,100
"731",NA,NA,NA,NA,NA,NA,NA,NA,NA,NA,NA,96,84
"732",81,68,91,57,55,76,56,74,65,74,39,70,62
"733",76,70,79,58,59,73,61,87,NA,61,64,NA,70
"734",97,79,94,50,50,100,92,82,50,63,63,50,54
"735",100,100,89,100,100,100,100,100,93,95,88,90,90
"736",96,95,98,95,96,53,95,54,96,97,99,46,99
"737",100,100,100,100,100,100,100,100,98,97,98,98,100
"738",100,100,100,100,100,100,100,100,100,78,100,100,81
"739",98,99,99,71,100,80,92,85,90,95,80,84,97
"740",83,78,87,82,88,63,57,68,74,84,83,69,66
"741",81,94,90,74,58,100,100,74,77,97,91,42,83
"742",79,92,100,64,83,100,59,70,76,65,81,72,100
"743",100,92,96,96,94,88,98,91,92,92,82,82,78
"744",92,95,91,99,93,100,91,100,94,90,100,NA,48
"745",100,100,99,79,82,95,80,100,77,95,79,85,88
"746",54,64,62,52,62,70,52,52,52,52,65,57,56
"747",90,100,100,100,100,100,100,100,94,100,100,97,100
"748",95,88,100,97,100,100,100,99,98,99,64,100,79
"749",73,85,95,58,60,55,85,88,57,68,53,66,96
"750",93,94,65,88,89,89,89,90,71,86,60,89,80
"751",50,50,50,50,50,50,50,50,50,50,51,50,50
"752",88,100,100,69,67,100,63,71,63,100,100,62,61
"753",99,98,98,97,97,97,98,98,86,97,100,98,98
"754",83,100,100,100,93,92,100,94,100,92,92,85,100
"755",60,57,57,50,55,56,NA,56,57,58,51,42,62
"756",92,100,95,77,93,98,86,90,56,95,91,45,78
"757",91,80,82,77,100,88,83,87,82,87,87,100,95
"758",100,100,100,100,100,100,100,100,100,100,100,68,100
"759",100,100,100,80,68,100,100,100,82,93,100,42,95
"760",88,80,89,61,88,54,94,93,41,70,83,58,34
"761",NA,NA,NA,NA,NA,NA,NA,NA,NA,NA,76,NA,58
"762",100,100,100,100,100,93,100,100,100,100,100,100,100
"763",99,100,100,39,68,99,100,80,99,95,87,74,80
"764",100,100,100,94,73,100,100,100,100,100,100,78,100
"765",50,92,75,73,68,83,65,67,50,64,64,69,76
"766",NA,NA,NA,NA,NA,NA,NA,NA,NA,NA,NA,62,58
"767",100,100,100,100,100,100,91,91,64,100,88,67,90
"768",NA,NA,NA,66,100,100,100,100,100,100,NA,64,41
"769",95,97,93,75,31,80,81,75,35,29,94,NA,40
"770",100,100,100,96,100,100,66,100,100,100,100,NA,100
"771",100,100,100,80,82,100,100,100,78,100,100,60,91
"772",100,100,100,100,98,100,91,100,100,100,64,100,58
"773",67,79,72,80,78,83,88,83,78,95,87,47,74
"774",59,100,100,54,67,93,71,87,70,76,76,42,82
"775",100,100,100,100,99,100,100,100,100,100,100,100,100
"776",100,100,100,100,100,100,100,100,100,100,100,NA,100
"777",100,100,100,32,53,86,68,83,69,63,79,65,68
"778",50,98,99,50,50,98,99,99,50,50,51,50,99
"779",100,88,90,NA,NA,100,100,94,NA,NA,NA,NA,68
"780",100,100,100,74,70,86,100,88,78,70,100,54,100
"781",100,100,90,68,50,61,50,61,77,84,100,50,46
"782",100,60,98,80,66,85,75,70,81,90,66,40,64
"783",99,100,93,78,96,96,100,100,90,93,82,84,90
"784",94,87,78,88,82,76,76,88,100,83,69,95,79
"785",100,100,100,100,87,100,62,100,72,100,100,100,85
"786",NA,76,68,40,50,54,61,66,32,58,50,42,59
"787",39,41,36,67,73,72,67,76,50,75,68,72,50
"788",40,53,57,35,41,71,44,64,43,37,56,26,100
"789",98,98,98,98,98,82,100,98,85,84,87,NA,97
"790",100,100,100,88,92,100,100,100,100,100,96,91,87
"791",78,82,100,51,50,84,85,71,20,51,53,63,83
"792",50,50,74,59,50,89,87,40,84,85,89,50,87
"793",84,92,77,73,71,72,83,77,11,50,59,51,50
"794",56,57,37,40,49,64,57,57,55,60,26,45,61
"795",100,100,100,100,100,100,100,100,80,68,100,71,100
"796",100,100,100,46,NA,100,100,72,77,80,86,69,58
"797",100,100,100,92,94,100,100,100,93,100,89,94,100
"798",51,55,48,43,45,52,53,100,100,100,52,45,51
"799",28,98,96,52,57,65,81,59,56,58,54,64,53
"800",100,100,92,77,80,100,100,98,91,83,100,100,84
"801",100,100,100,94,96,100,100,100,87,100,99,71,98
"802",51,52,100,52,52,81,46,82,72,71,100,57,75
"803",99,94,100,80,85,100,97,87,83,70,67,90,80
"804",61,71,58,68,63,60,57,61,63,61,59,54,55
"805",100,100,100,100,100,100,100,100,100,100,100,94,100
"806",35,29,20,67,64,41,63,59,36,60,43,21,40
"807",100,100,100,74,100,100,66,100,100,100,96,100,65
"808",75,50,88,50,55,93,70,50,83,82,76,79,50
"809",88,100,100,95,91,93,98,90,64,62,100,99,80
"810",100,100,100,94,91,100,100,92,92,95,79,90,100
"811",100,100,100,100,100,100,100,100,98,100,86,26,100
"812",85,75,71,53,87,90,92,86,66,57,77,73,77
"813",62,54,60,54,61,61,45,89,53,56,NA,55,44
"814",100,95,100,61,100,100,85,73,72,100,100,50,100
"815",88,56,76,78,47,98,95,30,62,98,86,52,69
"816",82,62,68,100,100,100,100,100,100,92,80,100,90
"817",50,61,43,55,50,72,60,58,69,53,50,68,53
"818",100,89,98,71,84,100,100,100,68,68,57,56,64
"819",94,90,92,33,26,66,52,50,26,92,79,28,69
"820",96,51,50,83,80,99,50,90,89,82,50,50,50
"821",100,82,100,100,100,100,100,100,79,87,94,90,70
"822",93,70,66,85,75,60,59,82,80,59,50,44,58
"823",80,78,81,58,71,72,70,64,76,70,63,65,72
"824",98,98,98,85,85,98,76,98,50,100,89,50,98
"825",79,94,100,66,77,99,70,90,76,77,62,67,82
"826",85,84,90,66,62,88,92,93,86,90,24,57,55
"827",53,31,38,32,47,76,59,50,52,50,52,57,47
"828",1,1,1,48,53,62,55,56,54,1,30,64,1
"829",100,100,100,96,99,92,99,100,84,73,88,43,88
"830",75,66,74,75,65,86,71,81,35,35,85,69,38
"831",100,100,98,69,62,87,100,99,94,93,99,65,96
"832",100,100,100,38,72,98,100,NA,91,100,100,NA,100
"833",92,91,93,51,51,51,88,80,51,77,75,43,93
"834",81,100,89,62,66,100,100,100,88,100,100,100,90
"835",100,100,57,100,100,100,100,100,NA,99,100,54,100
"836",100,100,100,100,100,100,100,100,100,100,100,91,93
"837",77,72,79,59,39,82,52,72,64,63,76,74,74
"838",100,100,100,33,50,100,100,100,76,100,100,53,68
"839",100,100,100,98,99,99,98,99,100,99,98,59,95
"840",88,88,67,53,36,73,86,82,73,79,50,56,84
"841",99,97,100,37,80,100,100,97,100,100,100,41,80
"842",100,99,100,78,90,100,95,97,76,77,85,94,92
"843",98,100,97,73,82,46,58,63,70,75,85,29,76
"844",100,100,100,93,80,49,51,50,51,95,93,22,97
"845",96,81,78,97,100,97,98,99,100,100,88,53,95
"846",82,100,100,89,100,100,100,100,100,77,53,54,68
"847",96,100,96,88,90,95,100,96,93,91,86,80,71
"848",96,99,99,88,88,100,92,100,100,100,100,84,90
"849",100,100,100,100,98,100,100,100,100,61,67,82,100
"850",100,100,100,66,57,54,87,100,88,100,NA,100,71
"851",1,100,84,100,100,100,100,100,67,56,97,100,100
"852",63,64,73,46,63,64,67,65,31,71,77,44,90
"853",100,100,100,87,100,100,100,100,100,100,100,25,100
"854",95,100,97,74,100,100,100,99,95,78,99,99,32
"855",82,72,97,100,100,83,75,85,98,100,100,100,94
"856",71,65,90,43,50,57,74,62,39,55,67,51,46
"857",100,100,100,100,84,100,100,100,71,100,75,50,100
"858",89,92,93,88,89,91,87,91,90,92,90,87,100
"859",89,79,88,92,86,91,83,89,100,100,93,82,85
"860",100,100,100,88,89,100,58,100,56,90,100,31,100
"861",100,100,100,100,100,100,100,100,100,100,100,100,100
"862",72,61,63,50,77,91,94,63,92,93,50,83,46
"863",83,82,84,100,97,82,77,100,44,83,93,96,80
"864",50,70,74,50,50,64,50,50,40,50,74,29,84
"865",95,74,96,69,76,100,100,99,48,95,86,56,72
"866",90,89,83,88,91,91,89,88,67,73,89,72,69
"867",100,100,100,82,100,94,100,99,100,74,83,100,94
"868",87,85,100,63,80,100,75,100,51,95,66,21,70
"869",92,95,91,58,74,89,94,95,94,75,70,63,86
"870",95,95,93,49,NA,51,88,87,93,NA,94,88,92
"871",100,100,100,96,99,100,100,100,98,100,100,93,82
"872",52,2,9,1,51,52,51,51,NA,1,3,NA,3
"873",100,100,97,100,100,100,83,96,100,100,94,92,100
"874",90,95,87,89,89,95,72,81,58,68,70,59,44
"875",67,60,46,78,41,47,40,85,60,91,61,33,36
"876",NA,NA,NA,100,100,NA,NA,100,100,73,100,60,100
"877",100,96,100,83,100,100,100,100,92,100,91,68,91
"878",99,90,100,96,98,100,97,100,91,60,100,82,99
"879",50,50,NA,6,6,50,29,27,50,50,50,NA,50
"880",51,50,50,88,87,75,58,69,50,NA,50,50,51
"881",1,1,1,23,24,31,30,29,39,21,16,19,2
"882",50,50,50,95,95,99,59,99,99,99,96,97,99
"883",57,62,60,69,55,57,54,57,71,57,60,57,66
"884",87,88,91,79,82,92,84,87,83,73,85,90,31
"885",100,100,NA,100,100,100,100,100,100,100,100,100,100
"886",26,46,33,27,50,55,34,44,80,94,94,8,22
"887",49,69,52,70,69,89,55,87,56,78,51,52,82
"888",100,100,99,99,98,86,96,94,92,100,100,99,96
"889",62,62,69,75,77,78,79,66,68,59,67,71,65
"890",82,91,93,54,44,96,94,91,92,92,64,92,92
"891",100,100,100,100,100,100,100,100,100,100,100,100,100
"892",95,100,99,96,100,98,97,100,85,93,91,93,97
"893",100,100,100,100,100,100,100,100,100,100,100,100,100
"894",100,100,89,68,88,100,92,76,71,80,100,70,74
"895",100,100,97,100,100,100,100,100,98,100,100,100,93
"896",91,78,82,29,36,98,98,98,80,93,56,39,60
"897",35,30,37,33,33,33,31,37,30,34,28,34,32
"898",100,100,100,100,100,100,100,100,100,100,100,100,100
"899",100,100,100,100,100,100,100,100,100,100,100,100,100
"900",92,78,81,91,80,98,82,81,61,79,87,50,69
"901",55,59,67,50,50,65,50,50,44,50,73,50,38
"902",100,100,100,93,97,100,90,100,100,100,100,92,74
"903",97,95,97,76,74,98,98,96,77,82,87,76,68
"904",90,97,88,92,89,81,60,78,97,97,97,89,84
"905",70,51,100,51,51,74,82,87,51,51,49,50,50
"906",59,3,NA,1,1,NA,NA,25,20,NA,NA,32,31
"907",100,100,100,100,100,100,100,100,98,100,92,100,100
"908",75,67,97,74,71,59,76,65,82,71,69,94,60
"909",100,100,100,100,100,100,100,100,100,100,100,100,86
"910",100,100,100,88,100,100,100,100,61,100,93,100,83
"911",96,96,93,94,92,91,49,75,88,71,91,55,89
"912",100,100,100,100,100,100,100,100,100,100,100,89,100
"913",91,90,78,81,75,55,86,59,85,90,88,72,60
"914",73,68,71,71,77,64,72,65,66,67,64,73,60
"915",100,99,100,99,72,100,NA,100,100,100,100,100,100
"916",98,95,99,92,98,100,97,93,96,94,96,96,99
"917",50,54,51,74,80,84,50,51,90,88,51,82,50
"918",61,68,70,64,50,76,63,80,66,63,50,50,42
"919",99,100,100,100,100,100,96,96,67,37,81,72,100
"920",100,100,100,78,67,100,91,100,25,100,100,75,42
"921",61,83,78,86,92,79,63,79,46,72,50,60,64
"922",97,79,95,96,100,100,93,100,100,100,93,79,100
"923",61,61,59,54,57,65,57,56,64,56,57,56,55
"924",100,100,100,56,94,69,NA,57,100,98,100,86,62
"925",91,96,95,69,50,94,65,83,66,78,50,50,50
"926",100,100,100,100,100,100,100,100,100,100,100,100,98
"927",62,68,72,58,64,64,58,69,47,68,64,67,66
"928",98,100,100,100,100,100,100,100,100,100,100,99,100
"929",75,69,72,70,64,NA,NA,NA,67,74,52,NA,62
"930",83,100,100,100,100,100,100,100,100,100,100,100,81
"931",100,100,100,100,100,100,100,100,100,100,100,100,100
"932",90,90,86,62,55,56,53,56,72,81,54,55,93
"933",100,100,100,99,98,100,100,100,96,100,99,100,100
"934",94,74,52,100,100,99,100,100,92,88,71,72,100
"935",3,4,NA,3,4,21,4,4,2,4,3,2,3
"936",86,79,94,83,71,83,74,82,73,88,86,74,76
"937",84,87,81,80,80,81,86,82,81,85,80,83,84
"938",100,100,100,90,87,100,88,70,92,95,100,81,86
"939",100,100,100,92,100,100,100,100,97,100,100,100,100
"940",100,100,100,100,100,100,100,100,100,100,100,100,100
"941",65,55,72,51,50,50,50,57,51,52,51,47,51
"942",56,49,51,42,45,52,53,56,55,52,47,56,43
"943",60,100,100,38,57,58,67,58,71,92,79,69,77
"944",20,24,37,20,19,NA,3,19,NA,NA,NA,13,50
"945",75,82,88,91,90,88,77,88,85,75,84,80,88
"946",96,91,98,90,77,92,89,85,84,57,51,32,51
"947",91,95,96,99,99,100,99,100,98,98,99,100,48
"948",100,100,100,100,88,84,92,92,100,85,97,75,100
"949",100,100,100,100,100,100,100,100,100,100,100,100,100
"950",97,99,100,99,98,100,98,100,97,99,87,100,97
"951",100,100,100,97,96,93,81,90,100,93,92,100,92
"952",100,100,100,99,100,98,100,96,100,100,94,100,96
"953",52,53,52,74,68,19,75,39,87,90,74,53,58
"954",87,59,68,74,52,84,67,74,74,79,60,46,69
"955",80,66,67,73,64,36,62,63,56,58,61,63,37
"956",80,72,66,57,55,69,55,NA,54,58,57,57,61
"957",100,98,98,97,78,97,94,98,98,98,96,90,64
"958",92,89,95,80,86,94,87,86,69,77,83,85,67
"959",87,82,81,74,74,80,67,74,100,67,56,99,64
"960",84,68,68,58,57,60,64,57,50,65,65,59,62
"961",80,83,78,71,67,62,74,70,67,71,74,82,61
"962",65,73,79,93,88,76,100,90,82,82,56,82,48
"963",100,100,100,100,100,100,99,100,100,100,100,100,100
"964",100,100,100,100,100,100,100,100,100,100,100,100,100
"965",100,93,100,97,100,63,90,94,92,98,100,95,87
"966",97,96,96,64,70,97,94,96,6,68,66,64,13
"967",100,100,93,87,72,100,100,86,100,100,88,91,100
"968",100,100,100,95,94,96,100,100,74,69,97,71,80
"969",83,82,89,56,55,77,70,75,57,84,90,69,50
"970",56,54,54,57,56,53,46,54,55,54,22,39,39
"971",93,81,75,46,55,75,28,75,90,98,95,81,62
"972",87,79,91,83,82,100,100,90,93,100,90,46,86
"973",NA,65,71,NA,12,NA,NA,77,62,52,NA,17,24
"974",100,100,100,100,100,100,95,82,92,100,93,62,100
"975",100,91,95,97,96,98,94,100,77,100,98,100,94
"976",99,97,97,97,87,100,92,100,99,99,97,91,100
"977",100,100,100,82,42,100,80,77,69,82,97,37,90
"978",95,96,97,92,93,100,75,100,89,90,88,92,83
"979",98,98,97,94,96,98,96,96,87,95,93,92,98
"980",91,84,88,14,17,95,29,43,27,23,58,73,42
"981",100,100,100,100,100,100,100,100,100,100,100,88,100
"982",98,98,97,89,86,99,98,98,99,98,99,97,97
"983",77,62,65,65,68,58,NA,65,65,76,60,77,53
"984",100,100,100,96,94,100,100,100,95,89,83,86,77
"985",99,98,100,100,90,100,100,100,93,100,100,95,100
"986",61,38,33,64,63,44,63,41,39,62,62,40,36
"987",NA,NA,NA,81,77,51,64,66,85,NA,79,NA,28
"988",55,60,58,62,62,59,57,60,61,65,59,60,60
"989",100,100,100,100,100,100,100,100,100,100,100,100,100
"990",82,63,50,65,59,72,64,64,62,82,50,58,33
"991",52,51,54,63,57,55,55,56,61,35,57,57,43
"992",87,59,100,54,55,57,54,54,8,91,100,51,44
"993",75,80,80,78,68,91,92,80,58,67,59,53,56
"994",100,100,100,99,100,100,100,100,100,100,100,94,100
"995",98,100,100,100,100,100,100,100,100,100,96,99,98
"996",96,80,82,78,50,100,90,91,76,71,76,83,64
"997",100,100,100,44,100,82,99,76,60,100,99,86,50
"998",97,86,96,83,72,79,75,85,80,79,65,57,61
"999",96,98,99,100,99,100,100,100,99,100,74,100,89
"1000",NA,82,NA,73,74,72,NA,83,84,78,NA,83,29
"1001",NA,NA,NA,NA,NA,NA,NA,NA,NA,NA,NA,2,2
"1002",100,100,98,100,100,100,100,100,100,100,99,100,100
"1003",61,53,100,76,32,100,100,33,66,69,89,31,52
"1004",100,100,100,100,100,100,100,100,100,100,100,100,100
"1005",94,96,94,67,76,92,88,88,63,89,89,60,66
"1006",71,65,91,82,93,87,72,62,62,62,50,50,49
"1007",100,100,100,100,100,100,100,100,100,100,100,100,100
"1008",98,96,98,96,93,97,93,95,96,93,90,95,89
"1009",69,76,80,59,62,85,61,87,63,69,88,81,76
"1010",100,100,100,100,100,100,100,100,100,100,100,100,100
"1011",100,100,100,100,100,100,100,100,100,100,100,100,79
"1012",97,92,100,69,75,99,88,96,100,94,98,100,79
"1013",100,91,89,80,90,84,100,85,37,100,100,100,71
"1014",100,100,100,100,99,99,71,92,100,100,97,51,100
"1015",100,100,100,94,100,100,97,100,93,100,100,100,80
"1016",100,100,100,92,93,100,96,100,92,100,99,100,83
"1017",99,98,98,100,100,100,97,98,98,96,NA,97,100
"1018",99,100,98,100,100,100,100,100,100,100,100,99,100
"1019",88,87,86,88,87,81,82,85,88,88,67,80,82
"1020",NA,NA,NA,86,84,95,93,92,74,46,92,82,71
"1021",96,91,87,85,84,72,93,78,76,77,92,50,50
"1022",NA,NA,NA,50,50,NA,NA,NA,50,51,50,50,51
"1023",100,87,78,99,98,93,85,92,98,97,97,92,93
"1024",78,94,92,94,91,82,62,100,100,100,100,100,100
"1025",100,100,100,100,100,100,100,100,100,100,78,100,100
"1026",100,99,100,98,NA,96,100,94,98,100,100,98,100
"1027",48,62,54,54,57,72,64,58,55,60,53,56,53
"1028",100,100,100,50,55,100,100,100,56,88,50,50,52
"1029",100,82,97,78,35,64,75,72,69,91,71,46,70
"1030",90,87,84,58,65,86,69,89,80,85,70,70,80
"1031",93,100,92,78,100,89,89,78,92,86,63,63,86
"1032",100,100,100,50,50,100,52,51,100,100,51,50,78
"1033",51,51,51,28,51,58,50,46,20,35,51,51,17
"1034",100,100,100,94,100,100,100,100,92,90,100,80,95
"1035",100,100,100,100,55,100,100,100,100,100,100,52,100
"1036",100,100,97,99,76,100,95,100,99,98,83,92,96
"1037",98,98,97,97,82,98,99,96,97,94,90,77,95
"1038",63,68,77,15,30,65,36,47,11,35,61,27,87
"1039",100,100,100,39,16,81,98,100,100,100,99,92,54
"1040",93,29,98,97,NA,93,93,94,99,100,89,96,86
"1041",83,100,100,100,100,100,100,100,100,100,100,51,100
"1042",41,31,26,25,14,63,17,24,8,23,45,20,1
"1043",52,1,49,1,1,51,41,48,34,42,20,53,21
"1044",50,50,50,50,50,54,50,50,62,50,50,50,50
"1045",98,98,98,96,97,98,97,97,97,96,98,89,95
"1046",NA,NA,NA,NA,NA,NA,NA,NA,NA,NA,NA,NA,44
"1047",85,40,99,41,74,86,NA,90,62,61,65,NA,38
"1048",50,50,50,50,50,50,50,50,50,50,50,50,50
"1049",100,100,100,100,100,50,50,50,89,75,50,50,79
"1050",100,100,100,92,100,100,89,95,72,88,97,88,93
"1051",100,89,88,77,82,68,62,81,50,75,40,65,31
"1052",96,96,96,93,85,97,91,97,99,100,97,88,95
"1053",94,89,93,82,56,93,50,50,50,48,50,50,76
"1054",50,50,51,73,61,100,50,53,58,50,52,52,54
"1055",97,100,100,97,85,97,91,97,95,90,96,94,99
"1056",99,99,99,100,100,100,99,99,98,97,100,100,97
"1057",100,100,100,84,80,98,58,69,63,32,97,94,87
"1058",99,98,99,75,99,100,100,100,98,99,99,100,99
"1059",50,45,47,43,38,43,44,40,44,41,43,42,36
"1060",99,100,100,51,100,100,100,93,100,100,100,96,91
"1061",100,100,100,100,100,100,100,100,100,100,100,100,100
"1062",100,100,100,100,100,100,100,100,100,100,100,100,100
"1063",92,92,95,82,59,81,81,94,62,59,85,74,78
"1064",98,88,87,95,86,100,82,89,85,98,94,94,93
"1065",100,100,100,96,100,100,100,95,100,99,98,99,100
